LOAN_ID,CHARGE_OFF_DATE,CHARGE_OFF_PRINCIPAL,SETTLEMENT_AMOUNT,SETTLEMENT_STATUS,SETTLEMENT_COMPLETION_DATE,LAST_PAYMENT_DATE,TOTAL_RECOVERY_AMOUNT,PLACEMENT_STATUS,PLACEMENT_STATUS_START_DATE,POPULATION_SOURCE,BANKRUPTCY_CASE_NUMBER,BANKRUPTCY_CHAPTER,BANKRUPTCY_STATUS,BANKRUPTCY_FILING_DATE,BANKRUPTCY_DISMISSED_DATE,EXCLUSION_REASON
P066C7CF25170,2021-11-08,7717.8700,,,,2025-10-14,267.9600,Placed - HM,2018-12-12,Charge Off,6:23-bk-11058,Chapter 13,Plan Confirmed,2023-03-20,,Active Bankruptcy
P0E32FBA389D7,2023-11-15,2870.7500,,,,2025-10-14,19.1600,Placed - HM,2020-09-18,Charge Off,6:23-bk-13399,Chapter 13,Plan Confirmed,2023-07-31,,Active Bankruptcy
P1424C74F549E,2021-02-12,18486.0400,,,,2025-10-14,142.0400,Placed - HM,2018-07-19,Charge Off,1:21-bk-13852,Chapter 13,Plan Confirmed,2021-07-24,,Active Bankruptcy
P230747A82215,2023-03-10,14424.9900,,,,2025-10-14,186.5000,Placed - HM,2024-06-24,Charge Off,1:24-bk-12767,Chapter 13,Plan Confirmed,2024-05-21,,Active Bankruptcy
P3E4CEB39C0A0,2023-07-23,21623.5600,,,,2025-10-14,504.4900,Placed - HM,2022-08-25,Charge Off,1:23-bk-11674,Chapter 13,Plan Confirmed,2023-04-21,,Active Bankruptcy
P4A5CC6E30F9B,2023-03-12,13291.2600,,,,2025-10-14,107.1500,Placed - HM,2023-12-23,Charge Off,3:23-bk-15230,Chapter 13,Plan Confirmed,2023-06-16,,Active Bankruptcy
P4AFF3479537F,2020-05-19,20160.4900,,,,2025-10-14,159.8900,Placed - HM,2018-07-11,Charge Off,1:20-bk-16867,Chapter 13,Plan Confirmed,2020-07-20,,Active Bankruptcy
P510C5366B24D,2023-01-14,4813.4300,,,,2025-10-14,48.4900,Placed - HM,2022-02-16,Charge Off,6:22-bk-14110,Chapter 13,Plan Confirmed,2022-10-31,,Active Bankruptcy
P587F9D0A59C9,2023-01-01,30847.5100,,,,2025-10-14,184.5800,Placed - HM,2022-01-03,Charge Off,6:23-bk-11395,Chapter 13,Plan Confirmed,2023-04-07,,Active Bankruptcy
P67B438D846FC,2023-05-14,4452.6900,,,,2025-10-14,90.8300,Placed - HM,2022-04-06,Charge Off,6:23-bk-11028,Chapter 13,Plan Confirmed,2023-03-17,,Active Bankruptcy
P6AD0A54BFD37,2023-12-14,8563.9300,,,,2025-10-14,156.3100,Placed - HM,2021-03-04,Charge Off,6:23-bk-13804,Chapter 13,Plan Confirmed,2023-08-24,,Active Bankruptcy
P6E46C5AD32AE,2023-10-16,14101.9000,,,,2025-10-14,83.0100,Placed - HM,2023-12-15,Charge Off,6:24-bk-11871,Chapter 13,Plan Confirmed,2024-04-10,,Active Bankruptcy
P768D856460FF,2024-01-16,6875.0900,,,,2025-10-14,128.9000,Placed - HM,2021-03-10,Charge Off,1:23-bk-15058,Chapter 13,Plan Confirmed,2023-10-31,,Active Bankruptcy
P7D6EF72A363E,2023-12-05,20423.7400,,,,2025-10-14,379.2800,Placed - HM,2022-07-07,Charge Off,6:23-bk-60937,Chapter 13,Plan Confirmed,2023-08-07,,Active Bankruptcy
P8D02CB84A7B3,2023-01-21,19066.4000,,,,2025-10-14,383.2800,Placed - HM,2021-11-23,Charge Off,1:22-bk-10887,Chapter 13,Plan Confirmed,2022-11-18,,Active Bankruptcy
P940B48B20902,2023-12-30,5492.2000,,,,2025-10-14,194.0500,Placed - HM,2022-06-29,Charge Off,1:23-bk-13415,Chapter 13,Plan Confirmed,2023-07-31,,Active Bankruptcy
P981DDA5B9E30,2023-06-25,21879.4000,,,,2025-10-14,128.0900,Placed - HM,2022-07-25,Charge Off,3:23-bk-10120,Chapter 13,Plan Confirmed,2023-02-27,,Active Bankruptcy
PAF38A35166CE,2023-04-17,25215.8600,,,,2025-10-14,486.9000,Placed - HM,2021-07-13,Charge Off,6:22-bk-14738,Chapter 13,Plan Confirmed,2022-12-20,,Active Bankruptcy
PB88A0D57C787,2023-05-18,21140.5100,,,,2025-10-14,39.5400,Placed - HM,2020-05-18,Charge Off,1:22-bk-908,Chapter 13,Plan Confirmed,2022-12-15,,Active Bankruptcy
PB8DEE74D0393,2025-03-27,13303.2900,,,,2025-10-14,314.5100,Placed - HM,2021-10-27,Charge Off,3:25-bk-10617,Chapter 13,Plan Confirmed,2025-01-21,,Active Bankruptcy
PCD9E8AEC68FD,2020-07-20,17962.7800,,,,2025-10-14,485.3800,Placed - HM,2018-08-21,Charge Off,5:21-bk-50066,Chapter 13,Plan Confirmed,2021-03-22,,Active Bankruptcy
PD2927FA0AD77,2021-03-15,18046.4900,,,,2025-10-14,323.6600,Placed - HM,2019-03-15,Charge Off,1:20-bk-3298,Chapter 13,Plan Confirmed,2020-11-12,,Active Bankruptcy
PD6557A9FD5F9,2023-10-25,9985.5200,,,,2025-10-14,70.6000,Placed - HM,2020-05-27,Charge Off,3:23-bk-14785,Chapter 13,Plan Confirmed,2023-06-01,,Active Bankruptcy
PD888CA31D75F,2021-05-10,9106.4400,,,,2025-10-14,188.0700,Placed - HM,2018-07-13,Charge Off,1:21-bk-10893,Chapter 13,Plan Confirmed,2021-02-25,,Active Bankruptcy
PDB5D58620C39,2021-03-22,22893.1000,,,,2025-10-14,421.9100,Placed - HM,2019-03-20,Charge Off,1:20-bk-3298,Chapter 13,Plan Confirmed,2020-11-12,,Active Bankruptcy
PE701E1A004BA,2023-04-09,5953.6400,,,,2025-10-14,12.2700,Placed - HM,2018-10-31,Charge Off,1:23-bk-25,Chapter 13,Plan Confirmed,2023-01-06,,Active Bankruptcy
P0B797FBEC183,2023-06-24,18658.5100,,,,2025-10-10,205.8900,Placed - HM,2021-03-10,Charge Off,2:23-bk-1169,Chapter 13,Plan Confirmed,2023-05-03,,Active Bankruptcy
P5F310C3FBEDB,2023-09-10,16414.9100,,,,2025-10-10,486.1300,Placed - HM,2023-09-10,Charge Off,4:23-bk-41032,Chapter 13,Plan Confirmed,2023-07-31,,Active Bankruptcy
P60274D5647DA,2023-09-12,5510.1300,,,,2025-10-10,156.8200,Placed - HM,2022-04-15,Charge Off,23−30223−btf13,,Notification Received,2023-07-26,,Active Bankruptcy
P7EDBA69F71AC,2021-01-08,22426.4600,,,,2025-10-10,103.6500,Placed - HM,2019-05-08,Charge Off,5:20-bk-40706,Chapter 13,Plan Confirmed,2020-08-27,,Active Bankruptcy
P8485B7B937D4,2024-03-06,22151.8500,,,,2025-10-10,335.7400,Placed - HM,2022-11-07,Charge Off,2:23-bk-3035,Chapter 13,Plan Confirmed,2023-11-08,,Active Bankruptcy
P935A4EA79911,2023-10-11,22156.0600,,,,2025-10-10,498.9700,Placed - HM,2022-09-13,Charge Off,4:23-bk-40735,Chapter 13,Plan Confirmed,2023-05-31,,Active Bankruptcy
PA7A4E3E6F07B,2023-03-15,21606.7200,,,,2025-10-10,31.4800,Placed - HM,2022-02-07,Charge Off,7:23-bk-70429,Chapter 13,Plan Confirmed,2023-04-21,,Active Bankruptcy
PAD24DB424C10,2023-06-17,2671.4600,,,,2025-10-10,15.8900,Placed - HM,2020-09-04,Charge Off,2:23-bk-20059,Chapter 13,Plan Confirmed,2023-02-08,,Active Bankruptcy
PED1FD8035347,2024-04-10,5570.9800,,,,2025-10-10,106.9600,Placed - HM,2022-11-01,Charge Off,3:24-bk-40953,Chapter 13,Plan Confirmed,2024-04-30,,Active Bankruptcy
P08DD93A52DE6,2022-08-03,22266.0000,,,,2025-10-09,81.8000,Placed - HM,2023-12-15,Charge Off,2:23-bk-44518,Chapter 13,Plan Confirmed,2023-05-17,,Active Bankruptcy
P267C35139D66,2021-03-23,11591.6000,,,,2025-10-09,61.9300,Placed - HM,2018-10-31,Charge Off,2:20-bk-50945,Chapter 13,Plan Confirmed,2020-10-23,,Active Bankruptcy
P29902C65B313,2023-06-12,5595.2700,,,,2025-10-09,50.4000,Placed - HM,2020-11-12,Charge Off,3:23-bk-10367,Chapter 13,Plan Confirmed,2023-02-10,,Active Bankruptcy
P3161C66BEC62,2023-08-03,10523.3600,,,,2025-10-09,27.1700,Placed - HM,2022-10-05,Charge Off,2:23-bk-43608,Chapter 13,Plan Confirmed,2023-04-19,,Active Bankruptcy
P387FBBD42974,2021-12-21,8928.4900,,,,2025-10-09,28.2000,Placed - HM,2020-12-23,Charge Off,1:21-bk-20907,Chapter 13,Plan Confirmed,2021-08-11,,Active Bankruptcy
P58434EDBBEF3,2023-05-21,39130.0400,,,,2025-10-09,405.0100,Placed - HM,2022-08-08,Charge Off,6:23-bk-70280,Chapter 13,Plan Confirmed,2023-03-06,,Active Bankruptcy
P7AA40078521B,2022-05-08,25370.9400,,,,2025-10-09,728.9500,Placed - HM,2023-12-15,Charge Off,4:23-bk-10260,Chapter 13,Plan Confirmed,2023-01-30,,Active Bankruptcy
P81E49576F88B,2023-04-06,32832.5600,,,,2025-10-09,662.5400,Placed - HM,2022-04-07,Charge Off,1:24-bk-14999,Chapter 13,Plan Confirmed,2024-05-16,,Active Bankruptcy
P9F9219F6B958,2023-05-04,16078.6400,,,,2025-10-09,73.1800,Placed - HM,2023-12-23,Charge Off,3:23-bk-32843,Chapter 13,Plan Confirmed,2023-08-18,,Active Bankruptcy
PA4A8A3970EE8,2023-08-06,29910.4000,,,,2025-10-09,590.2800,Placed - HM,2023-12-15,Charge Off,2:23-bk-49964,Chapter 13,Plan Confirmed,2023-11-14,,Active Bankruptcy
PBC9429220217,2023-08-01,8021.5500,,,,2025-10-09,2551.0600,Placed - HM,2023-12-23,Charge Off,3:23-bk-32783,Chapter 13,Plan Confirmed,2023-08-15,,Active Bankruptcy
PBECC64B88636,2024-03-20,4866.2600,,,,2025-10-09,142.8200,Placed - HM,2019-08-21,Charge Off,3:23-bk-33296,Chapter 13,Plan Confirmed,2023-09-26,,Active Bankruptcy
PF97F203ED101,2023-09-06,14403.1200,,,,2025-10-09,17.3600,Placed - HM,2022-06-09,Charge Off,1:23-bk-15154,Chapter 13,Plan Confirmed,2023-06-14,,Active Bankruptcy
P08D52535CABD,2024-10-30,14241.8300,,,,2025-10-08,273.8400,Placed - HM,2023-03-02,Charge Off,0:24-bk-19906,Chapter 13,Plan Confirmed,2024-09-25,,Active Bankruptcy
P142AB6822FFE,2024-05-24,32185.7400,,,,2025-10-08,843.7200,Placed - HM,2022-05-25,Charge Off,9:24-bk-15297,Chapter 13,Plan Confirmed,2024-05-30,,Active Bankruptcy
P158276F7D868,2024-04-14,17951.2000,,,,2025-10-08,127.5800,Placed - HM,2021-08-24,Charge Off,0:24-bk-10930,Chapter 13,Plan Confirmed,2024-01-31,,Active Bankruptcy
P2D7D509A72E0,2024-07-26,11704.7300,,,,2025-10-08,243.4300,Placed - HM,2024-07-26,Charge Off,0:24-bk-15177,Chapter 13,Plan Confirmed,2024-05-28,,Active Bankruptcy
P3C4038873F7C,2021-08-25,21293.7100,,,,2025-10-08,34.5300,Placed - HM,2020-01-27,Charge Off,3:21-bk-30506,Chapter 13,Plan Confirmed,2021-07-19,,Active Bankruptcy
P4872235D276B,2023-09-18,13513.4800,,,,2025-10-08,225.6300,Placed - HM,2022-09-21,Charge Off,9:24-bk-21612,Chapter 13,Plan Confirmed,2024-11-05,,Active Bankruptcy
PB1845D4A8F4F,2024-08-05,1994.2800,,,,2025-10-08,22.5700,Placed - HM,2022-07-07,Charge Off,0:24-bk-18249,Chapter 13,Plan Confirmed,2024-08-14,,Active Bankruptcy
PB4DCEFA7DA5F,2023-01-31,23953.3000,,,,2025-10-08,67.0500,Placed - HM,2023-12-15,Charge Off,2:23-bk-3998,Chapter 13,Plan Confirmed,2023-06-15,,Active Bankruptcy
PC0E60ECC7579,2023-07-14,27291.8400,,,,2025-10-08,285.7400,Placed - Resurgent,2024-06-01,Charge Off,0:24-bk-17695,Chapter 13,Plan Confirmed,2024-07-30,,Active Bankruptcy
PCC2565BFB8AB,2023-04-13,21785.4700,,,,2025-10-08,103.3700,Placed - HM,2023-12-23,Charge Off,0:23-bk-15906,Chapter 13,Plan Confirmed,2023-07-27,,Active Bankruptcy
PDB2872710657,2024-08-25,11575.8600,,,,2025-10-08,85.7600,Placed - HM,2022-08-25,Charge Off,24−50668,,Notification Received,2024-08-06,,Active Bankruptcy
PFAB10659E8F8,2023-07-30,8889.5100,,,,2025-10-08,166.8600,Placed - HM,2020-12-30,Charge Off,3:23-bk-30321,Chapter 13,Plan Confirmed,2023-05-20,,Active Bankruptcy
P09232CC3C4B0,2024-10-15,11935.2900,,,,2025-10-07,105.3500,Placed - HM,2022-08-17,Charge Off,1:24-bk-1758,Chapter 13,Plan Confirmed,2024-07-01,,Active Bankruptcy
P0AF024CB72D7,2024-09-11,12036.3800,,,,2025-10-07,291.8300,Placed - HM,2022-01-07,Charge Off,3:24-bk-30694,Chapter 13,Plan Confirmed,2024-04-25,,Active Bankruptcy
P0BFB28231296,2023-10-13,19602.1300,,,,2025-10-07,196.1300,Placed - HM,2022-09-02,Charge Off,2:23-bk-10939,Chapter 13,Plan Confirmed,2023-06-15,,Active Bankruptcy
P167CAFB094D1,2025-01-17,2906.8700,,,,2025-10-07,68.9300,Placed - HM,2022-10-25,Charge Off,5:24-bk-81435,Chapter 13,Plan Confirmed,2024-07-31,,Active Bankruptcy
P1B65B5A098A0,2023-09-22,30024.6100,,,,2025-10-07,73.8500,Placed - HM,2022-07-25,Charge Off,3:23-bk-1211,Chapter 13,Plan Confirmed,2023-05-26,,Active Bankruptcy
P27472B0D6F37,2021-02-12,5297.2700,,,,2025-10-07,26.6000,Placed - HM,2019-10-09,Charge Off,2:23-bk-1654,Chapter 13,Plan Confirmed,2023-05-09,,Active Bankruptcy
P34D33C439EE2,2023-11-14,15621.9300,,,,2025-10-07,423.4500,Placed - HM,2022-08-05,Charge Off,5:23-bk-81192,Chapter 13,Plan Confirmed,2023-07-07,,Active Bankruptcy
P3598E57BA675,2024-02-10,26022.1100,,,,2025-10-07,211.9500,Placed - HM,2022-07-13,Charge Off,5:23-bk-82154,Chapter 13,Plan Confirmed,2023-11-21,,Active Bankruptcy
P3AE16E1B3166,2024-05-19,12697.5000,,,,2025-10-07,221.4300,Placed - HM,2020-11-20,Charge Off,2:24-bk-50625,Chapter 13,Plan Confirmed,2024-06-21,,Active Bankruptcy
P426B05F89FE7,2023-04-13,37497.8500,,,,2025-10-07,484.2000,Placed - HM,2022-06-14,Charge Off,3:22-bk-3066,Chapter 13,Plan Confirmed,2022-11-30,,Active Bankruptcy
P46F587FDBEDF,2023-04-15,8456.6300,,,,2025-10-07,18.6000,Placed - HM,2020-01-16,Charge Off,9:22-bk-18992,Chapter 13,Plan Confirmed,2022-11-22,,Active Bankruptcy
P4BAC4978B4E6,2021-04-25,20163.5800,,,,2025-10-07,212.6400,Placed - HM,2018-09-18,Charge Off,1:21-bk-1080,Chapter 13,Plan Confirmed,2021-03-23,,Active Bankruptcy
P53D74B45AA9A,2023-04-15,22662.1900,,,,2025-10-07,1023.6700,Placed - HM,2020-12-02,Charge Off,3:23-bk-30471,Chapter 13,Plan Confirmed,2023-03-27,,Active Bankruptcy
P67D5C1867611,2024-01-29,9784.9000,,,,2025-10-07,16.4100,Placed - First Tech Credit Union,2024-05-24,Charge Off,4:24-bk-689,Chapter 13,Plan Confirmed,2024-05-18,,Active Bankruptcy
P68ED8EF55543,2024-10-30,9313.0300,,,,2025-10-07,105.5600,Placed - HM,2022-08-02,Charge Off,5:24-bk-81187,Chapter 13,Plan Confirmed,2024-06-21,,Active Bankruptcy
P6FB45B114578,2023-09-12,5894.8800,,,,2025-10-07,50.1700,Placed - HM,2020-08-11,Charge Off,4:23-bk-40886,Chapter 13,Plan Confirmed,2023-06-20,,Active Bankruptcy
P8D50A40D6F60,2020-12-03,12634.7800,,,,2025-10-07,131.5200,Placed - HM,2019-06-04,Charge Off,2:20-bk-46286,Chapter 13,Plan Confirmed,2020-05-29,,Active Bankruptcy
P93D3C39C5EBA,2023-11-29,23547.5000,,,,2025-10-07,300.0200,Placed - HM,2022-06-17,Charge Off,2:23-bk-50897,Chapter 13,Plan Confirmed,2023-08-24,,Active Bankruptcy
P95EBC8F10C4A,2020-10-16,9448.9100,,,,2025-10-07,121.8400,Placed - HM,2018-07-30,Charge Off,3:23-bk-31398,Chapter 13,Plan Confirmed,2023-08-09,,Active Bankruptcy
PA49B092F03AE,2020-10-23,19638.1500,,,,2025-10-07,122.1600,Placed - HM,2019-11-25,Charge Off,0:20-bk-19963,Chapter 13,Plan Confirmed,2020-09-15,,Active Bankruptcy
PA8CB0C9762F3,2023-08-22,34327.0800,,,,2025-10-07,97.7100,Placed - HM,2021-11-24,Charge Off,4:23-bk-964,Chapter 13,Plan Confirmed,2023-07-31,,Active Bankruptcy
PAD7278581F9C,2024-07-16,11031.9700,,,,2025-10-07,89.2400,Placed - HM,2021-08-18,Charge Off,3:24-bk-30143,Chapter 13,Plan Confirmed,2024-03-04,,Active Bankruptcy
PB049C9429970,2024-09-14,6890.5000,,,,2025-10-07,80.6400,Placed - HM,2021-09-17,Charge Off,2:24-bk-50515,Chapter 13,Plan Confirmed,2024-05-23,,Active Bankruptcy
PB6490495567C,2023-12-26,15266.0700,,,,2025-10-07,104.1200,Placed - HM,2022-09-20,Charge Off,1:23-bk-17153,Chapter 13,Plan Confirmed,2023-10-04,,Active Bankruptcy
PB884F4066AA3,2022-09-14,5114.3600,,,,2025-10-07,62.8400,Placed - HM,2020-11-17,Charge Off,4:23-bk-798,Chapter 13,Plan Confirmed,2023-06-23,,Active Bankruptcy
PBF0AE9E96BA8,2024-06-10,13912.8300,,,,2025-10-07,42.2800,Placed - HM,2020-06-11,Charge Off,2:24-bk-5580,Chapter 13,Plan Confirmed,2024-07-11,,Active Bankruptcy
PBF88371BC97F,2024-02-25,9958.9600,,,,2025-10-07,63.9000,Placed - HM,2021-10-28,Charge Off,1:23-bk-2376,Chapter 13,Plan Confirmed,2023-10-13,,Active Bankruptcy
PDBA16C4E3A9D,2020-07-28,23472.9800,,,,2025-10-07,131.2800,Placed - HM,2018-12-05,Charge Off,9:20-bk-19291,Chapter 13,Plan Confirmed,2020-08-27,,Active Bankruptcy
PE3EBA6E2BDFC,2024-08-19,31861.7100,,,,2025-10-07,220.9900,Placed - HM,2022-12-21,Charge Off,4:24-bk-866,Chapter 13,Plan Confirmed,2024-06-19,,Active Bankruptcy
PE4CC8B7533B5,2024-07-11,13270.7600,,,,2025-10-07,18.5300,Placed - HM,2022-06-13,Charge Off,4:24-bk-114,Chapter 13,Plan Confirmed,2024-01-28,,Active Bankruptcy
PEEFF6D6076D8,2024-12-20,21652.6600,,,,2025-10-07,330.1600,Placed - HM,2022-09-22,Charge Off,1:24-bk-2249,Chapter 13,Plan Confirmed,2024-08-29,,Active Bankruptcy
PFF4B2359082C,2024-06-21,14169.8800,,,,2025-10-07,272.8800,Placed - HM,2021-12-01,Charge Off,4:24-bk-4711,Chapter 13,Plan Confirmed,2024-06-12,,Active Bankruptcy
P11DB5B9B57E5,2024-09-04,21637.9900,,,,2025-10-06,90.7700,Placed - HM,2022-02-07,Charge Off,3:24-bk-376,Chapter 13,Plan Confirmed,2024-07-31,,Active Bankruptcy
P1CEB907CE330,2023-04-15,19502.2500,,,,2025-10-06,47.3400,Placed - HM,2022-01-03,Charge Off,4:22-bk-43636,Chapter 13,Plan Confirmed,2022-11-19,,Active Bankruptcy
P1EEAA214B46E,2024-03-21,5678.3200,,,,2025-10-06,20.8500,Placed - HM,2018-12-21,Charge Off,2:23-bk-12151,Chapter 13,Plan Confirmed,2023-11-04,,Active Bankruptcy
P2527324ABC89,2021-08-14,7406.5700,,,,2025-10-06,162.1900,Placed - HM,2018-08-08,Charge Off,7:21-bk-70096,Chapter 13,Plan Confirmed,2021-05-26,,Active Bankruptcy
P2C372599740E,2023-11-30,16159.5300,,,,2025-10-06,510.6500,Placed - HM,2022-02-02,Charge Off,6:23-bk-5298,Chapter 13,Plan Confirmed,2023-12-15,,Active Bankruptcy
P2D29FCD543B5,2021-03-03,29080.8200,,,,2025-10-06,354.7500,Placed - HM,2020-01-03,Charge Off,4:20-bk-45612,Chapter 13,Plan Confirmed,2020-12-07,,Active Bankruptcy
P38DAEDB13F5A,2022-02-09,11097.2600,,,,2025-10-06,16.5500,Placed - HM,2020-08-12,Charge Off,6:22-bk-3559,Chapter 13,Plan Confirmed,2022-09-30,,Active Bankruptcy
P3D2C22F80A7C,2023-09-23,5714.6700,,,,2025-10-06,145.1600,Placed - HM,2023-12-15,Charge Off,2:24-bk-11096,Chapter 13,Plan Confirmed,2024-05-02,,Active Bankruptcy
P4204F251521A,2024-11-30,16583.8900,,,,2025-10-06,40.4200,Placed - HM,2022-07-29,Charge Off,3:24-bk-30532,Chapter 13,Plan Confirmed,2024-07-31,,Active Bankruptcy
P4400B644712F,2023-11-12,7959.8700,,,,2025-10-06,79.9400,Placed - HM,2022-05-11,Charge Off,1:23-bk-3298,Chapter 13,Plan Confirmed,2023-07-31,,Active Bankruptcy
P46396A5C9BD4,2022-05-20,23993.2700,,,,2025-10-06,271.4000,Placed - HM,2020-11-12,Charge Off,1:23-bk-11487,Chapter 13,Plan Confirmed,2023-09-14,,Active Bankruptcy
P4771F54D38F7,2024-08-17,13396.0400,,,,2025-10-06,79.3500,Placed - HM,2022-10-19,Charge Off,2:24-bk-11695,Chapter 13,Plan Confirmed,2024-07-09,,Active Bankruptcy
P534A34E8971E,2023-06-13,14004.6300,,,,2025-10-06,881.3300,Placed - HM,2023-12-15,Charge Off,1:24-bk-80362,Chapter 13,Plan Confirmed,2024-05-10,,Active Bankruptcy
P545B8CDBC94F,2022-11-12,14022.4000,,,,2025-10-06,107.3400,Placed - HM,2024-06-24,Charge Off,1:24-bk-2862,Chapter 13,Plan Confirmed,2024-05-31,,Active Bankruptcy
P55ECA39742C6,2023-04-23,8796.8000,,,,2025-10-06,22.2800,Placed - HM,2020-07-24,Charge Off,2:23-bk-20464,Chapter 13,Plan Confirmed,2023-06-29,,Active Bankruptcy
P58DCD8713363,2019-09-03,13939.8000,,,,2025-10-06,40.1200,Placed - HM,2018-08-06,Charge Off,1:21-bk-12681,Chapter 13,Plan Confirmed,2021-05-20,,Active Bankruptcy
P5A2B2E5E05CA,2024-10-24,7114.6600,,,,2025-10-06,251.3500,Placed - HM,2021-11-26,Charge Off,6:24-bk-4429,Chapter 13,Plan Confirmed,2024-08-22,,Active Bankruptcy
P5C7D45343F07,2023-08-23,28921.6200,,,,2025-10-06,672.9800,Placed - HM,2021-06-21,Charge Off,2:23-bk-20292,Chapter 13,Plan Confirmed,2023-03-22,,Active Bankruptcy
P65C1502AE6AA,2023-12-07,6554.8500,,,,2025-10-06,56.1100,Placed - HM,2022-02-04,Charge Off,2:23-bk-54219,Chapter 13,Plan Confirmed,2023-12-05,,Active Bankruptcy
P6A92EB3D1DFA,2022-08-26,11574.7700,,,,2025-10-06,64.4900,Placed - HM,2023-12-15,Charge Off,4:23-bk-42660,Chapter 13,Plan Confirmed,2023-07-28,,Active Bankruptcy
P6BE92AA95188,2024-09-25,10158.9600,,,,2025-10-06,46.8300,Placed - HM,2020-07-28,Charge Off,2:24-bk-20211,Chapter 13,Plan Confirmed,2024-09-09,,Active Bankruptcy
P746C70C2133A,2022-12-25,37309.5500,,,,2025-10-06,314.4800,Placed - HM,2022-04-27,Charge Off,1:23-bk-53529,Chapter 13,Plan Confirmed,2023-04-13,,Active Bankruptcy
P7AC8AFC0055C,2023-10-13,18102.6300,,,,2025-10-06,274.7100,Placed - HM,2021-11-15,Charge Off,6:23-bk-60595,Chapter 13,Plan Confirmed,2023-07-14,,Active Bankruptcy
P7E7EB3ED2664,2023-07-26,3282.3400,,,,2025-10-06,61.3200,Placed - HM,2023-12-15,Charge Off,3:23-bk-31944,Chapter 13,Plan Confirmed,2023-11-22,,Active Bankruptcy
P8566A9D4A688,2022-01-08,20610.3000,,,,2025-10-06,346.7400,Placed - HM,2020-03-06,Charge Off,1:21-bk-14832,Chapter 13,Plan Confirmed,2021-09-21,,Active Bankruptcy
P8827BA7B23D4,2023-10-03,31135.2200,,,,2025-10-06,175.6500,Placed - HM,2022-10-05,Charge Off,1:23-bk-11398,Chapter 13,Plan Confirmed,2023-08-31,,Active Bankruptcy
P8E7870043B93,2023-09-17,22872.1800,,,,2025-10-06,10.7000,Placed - Resurgent,2024-06-01,Charge Off,3:24-bk-31534,Chapter 13,Plan Confirmed,2024-08-13,,Active Bankruptcy
P8FE659DD629C,2022-06-30,23721.3800,,,,2025-10-06,476.9200,Placed - HM,2023-12-24,Charge Off,2:22-bk-53621,Chapter 13,Plan Confirmed,2022-12-07,,Active Bankruptcy
P961379409B64,2023-09-04,7934.0200,,,,2025-10-06,44.8500,Placed - HM,2023-09-04,Charge Off,4:24-bk-40891,Chapter 13,Plan Confirmed,2024-06-13,,Active Bankruptcy
P9A228325623C,2022-11-20,22947.6100,,,,2025-10-06,494.3900,Placed - HM,2023-12-23,Charge Off,3:23-bk-70163,Chapter 13,Plan Confirmed,2023-03-13,,Active Bankruptcy
PA134DFD07392,2024-02-12,21454.2200,,,,2025-10-06,128.6800,Placed - HM,2021-12-15,Charge Off,1:24-bk-10441,Chapter 13,Plan Confirmed,2024-03-11,,Active Bankruptcy
PA34033529CDF,2024-12-20,12901.9100,,,,2025-10-06,109.6800,Placed - HM,2022-09-23,Charge Off,6:24-bk-6024,Chapter 13,Plan Confirmed,2024-11-05,,Active Bankruptcy
PA64A8FF483DD,2024-01-06,18871.6900,,,,2025-10-06,440.1100,Placed - HM,2022-09-08,Charge Off,8:23-bk-11823,Chapter 13,Plan Confirmed,2023-09-06,,Active Bankruptcy
PA9BA0E3064A1,2024-01-14,14501.4700,,,,2025-10-06,413.3000,Placed - HM,2022-02-16,Charge Off,6:23-bk-4282,Chapter 13,Plan Confirmed,2023-10-13,,Active Bankruptcy
PB9FAEFB0BF54,2025-02-09,18187.3400,,,,2025-10-06,510.5400,Placed - HM,2022-05-12,Charge Off,2:24-bk-21340,Chapter 13,Plan Confirmed,2024-10-23,,Active Bankruptcy
PBAC389628D3C,2023-06-28,10610.2700,,,,2025-10-06,231.3500,Placed - HM,2020-08-24,Charge Off,4:23-bk-40127,Chapter 13,Plan Confirmed,2023-02-02,,Active Bankruptcy
PC277F31C47E7,2023-10-07,27864.0800,,,,2025-10-06,134.4800,Placed - HM,2022-02-09,Charge Off,1:23-bk-11473,Chapter 13,Plan Confirmed,2023-09-12,,Active Bankruptcy
PC6A39A725248,2019-07-02,15204.2200,,,,2025-10-06,97.7100,Placed - HM,2017-11-02,Charge Off,2:24-bk-47131,Chapter 13,Plan Confirmed,2024-07-24,,Active Bankruptcy
PC6F3D0A30565,2023-02-21,14089.2600,,,,2025-10-06,48.7200,Placed - HM,2022-02-24,Charge Off,8:23-bk-11745,Chapter 13,Plan Confirmed,2023-08-28,,Active Bankruptcy
PCD796BC131D6,2024-01-19,31900.2100,,,,2025-10-06,104.9600,Placed - HM,2022-03-15,Charge Off,2:24-bk-10327,Chapter 13,Plan Confirmed,2024-05-21,,Active Bankruptcy
PD10926BEFB9A,2024-03-02,12782.2800,,,,2025-10-06,214.6300,Placed - HM,2021-11-03,Charge Off,3:24-bk-70215,Chapter 13,Plan Confirmed,2024-04-10,,Active Bankruptcy
PD5985F30C506,2023-01-18,23578.2000,,,,2025-10-06,359.3200,Placed - HM,2021-04-20,Charge Off,8:22-bk-11564,Chapter 13,Plan Confirmed,2022-09-13,,Active Bankruptcy
PE1564A553DFE,2023-09-24,14596.9600,,,,2025-10-06,281.7600,Placed - HM,2023-09-24,Charge Off,4:23-bk-42025,Chapter 13,Plan Confirmed,2023-07-14,,Active Bankruptcy
PE2043A430ADE,2023-11-12,21084.6400,,,,2025-10-06,3112.5500,Placed - HM,2022-02-01,Charge Off,5:23-bk-50652,Chapter 13,Plan Confirmed,2023-06-08,,Active Bankruptcy
PE6D39E2016B5,2023-03-07,13252.9000,,,,2025-10-06,313.4100,Placed - HM,2020-11-02,Charge Off,8:23-bk-12128,Chapter 13,Plan Confirmed,2023-10-16,,Active Bankruptcy
PE972F0FEF48E,2021-03-15,10323.2400,,,,2025-10-06,246.7800,Placed - HM,2018-11-08,Charge Off,1:21-bk-10024,Chapter 13,Plan Confirmed,2021-01-12,,Active Bankruptcy
PFAF548BE8BCA,2023-07-30,7155.4500,,,,2025-10-06,46.5000,Placed - HM,2023-12-15,Charge Off,3:23-bk-70690,Chapter 13,Plan Confirmed,2023-09-19,,Active Bankruptcy
PFB3FDB8EBE19,2024-05-05,10662.3100,,,,2025-10-06,70.3700,Placed - HM,2021-05-06,Charge Off,4:23-bk-41696,Chapter 13,Plan Confirmed,2023-12-24,,Active Bankruptcy
PFEE0F1329528,2024-02-12,13849.2100,,,,2025-10-06,117.5800,Placed - HM,2022-04-15,Charge Off,1:23-bk-14726,Chapter 13,Plan Confirmed,2023-10-17,,Active Bankruptcy
P1126FBE0DE14,2023-10-22,13201.6600,,,,2025-10-03,245.1600,Placed - HM,2021-12-24,Charge Off,4:23-bk-41483,Chapter 13,Plan Confirmed,2023-05-24,,Active Bankruptcy
P3C1C2E2D0B6A,2023-06-15,17873.8800,,,,2025-10-03,104.7700,Placed - HM,2022-02-15,Charge Off,4:23-bk-40382,Chapter 13,Plan Confirmed,2023-03-01,,Active Bankruptcy
P5FE4C8C975ED,2021-05-28,10937.7700,,,,2025-10-03,109.2800,Placed - HM,2018-11-05,Charge Off,4:20-bk-42876,Chapter 13,Plan Confirmed,2020-12-31,,Active Bankruptcy
PA98B329A8963,2022-07-18,1965.5700,,,,2025-10-03,20.8800,Placed - HM,2020-05-20,Charge Off,3:23-bk-31205,Chapter 13,Plan Confirmed,2023-05-31,,Active Bankruptcy
PAA08D34D1161,2023-08-25,19973.4900,,,,2025-10-03,697.1600,Placed - HM,2022-04-22,Charge Off,1:23-bk-10249,Chapter 13,Plan Confirmed,2023-04-13,,Active Bankruptcy
PB28ECE7747D9,2021-04-09,15228.4600,,,,2025-10-03,72.8300,Placed - HM,2019-11-06,Charge Off,3:21-bk-30117,Chapter 13,Plan Confirmed,2021-01-19,,Active Bankruptcy
PC364C8ACD66F,2024-04-10,13490.4600,,,,2025-10-03,46.0400,Placed - HM,2022-04-12,Charge Off,5:23-bk-3513,Chapter 13,Plan Confirmed,2023-12-01,,Active Bankruptcy
PD1D38D14EF24,2023-03-28,6406.3400,,,,2025-10-03,35.4700,Placed - HM,2021-05-28,Charge Off,2:22-bk-71974,Chapter 13,Plan Confirmed,2022-11-22,,Active Bankruptcy
PDF150FB3D15F,2023-06-20,8025.4900,,,,2025-10-03,35.6400,Placed - HM,2020-11-19,Charge Off,3:23-bk-30413,Chapter 13,Plan Confirmed,2023-03-08,,Active Bankruptcy
PF5AC88C672A8,2022-04-10,23834.8500,,,,2025-10-03,217.5700,Placed - HM,2023-12-15,Charge Off,5:23-bk-50262,Chapter 13,Plan Confirmed,2023-05-30,,Active Bankruptcy
PF9AC827C88D1,2023-10-29,36742.1900,,,,2025-10-03,459.8500,Placed - HM,2022-09-27,Charge Off,5:23-bk-2568,Chapter 13,Plan Confirmed,2023-09-05,,Active Bankruptcy
PFF6971A33AB9,2024-01-29,19502.7900,,,,2025-10-03,228.9400,Placed - HM,2021-11-01,Charge Off,5:23-bk-2196,Chapter 13,Plan Confirmed,2023-08-03,,Active Bankruptcy
P131770AD31C7,2023-06-18,35961.9000,,,,2025-10-02,389.0600,Placed - HM,2022-03-18,Charge Off,2:23-bk-21131,Chapter 13,Plan Confirmed,2023-05-25,,Active Bankruptcy
P2E747CA9C8A8,2023-09-30,5851.5000,,,,2025-10-02,169.9900,Placed - HM,2022-03-21,Charge Off,1:23-bk-6830,Chapter 13,Plan Confirmed,2023-05-24,,Active Bankruptcy
P7219648B3BF5,2023-07-21,6114.4400,,,,2025-10-02,27.6900,Placed - HM,2021-04-12,Charge Off,3:23-bk-30409,Chapter 13,Plan Confirmed,2023-03-08,,Active Bankruptcy
P921CD8658369,2023-12-31,5897.3500,,,,2025-10-02,21.3300,Placed - HM,2021-07-02,Charge Off,3:23-bk-32119,Chapter 13,Plan Confirmed,2023-10-11,,Active Bankruptcy
P92C4B81D2D68,2024-12-20,13677.4500,,,,2025-10-02,729.1700,Placed - HM,2023-04-07,Charge Off,1:24-bk-14738,Chapter 13,Plan Confirmed,2024-10-03,,Active Bankruptcy
P756FCB908F4F,2023-04-27,12435.5900,,,,2025-10-01,99.4100,Placed - HM,2023-12-24,Charge Off,2:23-bk-14210,Chapter 13,Plan Confirmed,2023-05-17,,Active Bankruptcy
PA48EF2FAE7EE,2022-10-31,2966.8900,,,,2025-10-01,51.1500,Placed - HM,2023-12-15,Charge Off,7:22-bk-70698,Chapter 13,Plan Confirmed,2022-11-21,,Active Bankruptcy
PA64257F6C5BA,2022-04-05,22543.0000,,,,2025-10-01,18.7600,Placed - HM,2023-12-24,Charge Off,5:22-bk-1388,Chapter 13,Plan Confirmed,2022-06-28,,Active Bankruptcy
P045B69CE34DA,2023-11-05,17740.0700,,,,2025-09-30,0.0000,Placed - HM,2021-09-08,Charge Off,2:23-bk-15343,Chapter 13,Plan Confirmed,2023-06-20,,Active Bankruptcy
P161CE50EB5B9,2023-08-17,24624.4000,,,,2025-09-30,0.0000,Placed - HM,2022-04-19,Charge Off,4:23-bk-41081,Chapter 13,Plan Confirmed,2023-05-30,,Active Bankruptcy
P1EAA08E4782C,2023-11-11,8976.5900,,,,2025-09-30,0.0000,Placed - HM,2021-05-28,Charge Off,2:23-bk-19528,Chapter 13,Plan Confirmed,2023-10-27,,Active Bankruptcy
P2D9851B7BEE6,2024-01-18,7729.6800,,,,2025-09-30,0.0000,Placed - HM,2022-08-15,Charge Off,2:24-bk-11004,Chapter 13,Plan Confirmed,2024-02-01,,Active Bankruptcy
P3A7A7D5E1E34,2024-02-03,12557.3400,,,,2025-09-30,0.0000,Placed - HM,2022-04-01,Charge Off,5:24-bk-50006,Chapter 13,Plan Confirmed,2024-01-15,,Active Bankruptcy
P3B046D221BAC,2023-07-02,11787.9000,,,,2025-09-30,0.0000,Placed - HM,2021-06-04,Charge Off,2:23-bk-12483,Chapter 13,Plan Confirmed,2023-03-27,,Active Bankruptcy
P45F80AD58CF4,2024-09-03,8056.1200,,,,2025-09-30,0.0000,Placed - HM,2021-05-28,Charge Off,6:24-bk-60427,Chapter 13,Plan Confirmed,2024-09-17,,Active Bankruptcy
P4BDB002EF565,2023-03-21,22086.5800,,,,2025-09-30,0.0000,Placed - HM,2022-03-02,Charge Off,1:23-bk-10011,Chapter 13,Plan Confirmed,2023-01-07,,Active Bankruptcy
P5444D4D5D87A,2024-04-26,22209.7500,,,,2025-09-30,0.0000,Placed - HM,2022-06-14,Charge Off,2:24-bk-13421,Chapter 13,Plan Confirmed,2024-04-02,,Active Bankruptcy
P5E5C34B7138C,2020-06-18,22976.7700,,,,2025-09-30,0.0000,Placed - HM,2023-12-24,Charge Off,4:21-bk-40856,Chapter 13,Plan Confirmed,2021-06-10,,Active Bankruptcy
P648FFFA7F10F,2024-02-25,23918.4200,,,,2025-09-30,0.0000,Placed - HM,2022-03-28,Charge Off,8:24-bk-80249,Chapter 13,Plan Confirmed,2024-03-27,,Active Bankruptcy
P7DB4F1A5F7EF,2022-04-26,10766.9000,,,,2025-09-30,0.0000,Placed - HM,2018-03-27,Charge Off,3:22-bk-33689,Chapter 13,Plan Confirmed,2022-12-30,,Active Bankruptcy
P85153C6AD33B,2023-01-29,20314.4500,,,,2025-09-30,0.0000,Placed - HM,2023-12-24,Charge Off,2:23-bk-11847,Chapter 13,Plan Confirmed,2023-03-07,,Active Bankruptcy
P97509E649DBA,2023-07-07,4820.3400,,,,2025-09-30,0.0000,Placed - HM,2022-10-05,Charge Off,4:23-bk-40740,Chapter 13,Plan Confirmed,2023-04-28,,Active Bankruptcy
P9768A3BCFABF,2024-06-04,29903.6700,,,,2025-09-30,0.0000,Placed - HM,2022-10-05,Charge Off,2:24-bk-19280,Chapter 13,Plan Confirmed,2024-09-19,,Active Bankruptcy
P9D34A7665536,2023-10-29,24680.0600,,,,2025-09-30,0.0000,Placed - HM,2022-03-31,Charge Off,9:23-bk-90141,Chapter 13,Plan Confirmed,2023-08-11,,Active Bankruptcy
PA0699911EEBE,2023-10-14,6072.8500,,,,2025-09-30,0.0000,Placed - HM,2023-12-15,Charge Off,2:24-bk-15125,Chapter 13,Plan Confirmed,2024-05-21,,Active Bankruptcy
PBB1F385092D0,2020-06-24,15335.9500,,,,2025-09-30,0.0000,Placed - HM,2019-03-18,Charge Off,8:20-bk-80933,Chapter 13,Plan Confirmed,2020-07-29,,Active Bankruptcy
PECAED74EE9D2,2024-01-24,33111.7800,,,,2025-09-30,0.0000,Placed - HM,2022-04-26,Charge Off,2:23-bk-18616,Chapter 13,Plan Confirmed,2023-10-02,,Active Bankruptcy
PFAEA93DFDF7F,2023-04-21,20894.2400,,,,2025-09-30,0.0000,Placed - HM,2024-08-14,Charge Off,3:24-bk-31335,Chapter 13,Plan Confirmed,2024-05-22,,Active Bankruptcy
P075584067362,2025-02-23,5795.5600,,,,2025-09-29,0.0000,Placed - HM,2022-05-17,Charge Off,3:24-bk-33255,Chapter 13,Plan Confirmed,2024-10-16,,Active Bankruptcy
P308A40CD433E,2023-07-10,6284.2300,,,,2025-09-29,0.0000,Placed - HM,2022-08-12,Charge Off,3:23-bk-80273,Chapter 13,Plan Confirmed,2023-03-09,,Active Bankruptcy
P495AE2227A7F,2024-04-17,2496.1500,,,,2025-09-29,0.0000,Placed - HM,2021-11-19,Charge Off,4:24-bk-40712,Chapter 13,Plan Confirmed,2024-03-28,,Active Bankruptcy
P527555DF21CF,2023-12-10,28939.5400,,,,2025-09-29,0.0000,Placed - HM,2023-12-15,Charge Off,2:24-bk-24978,Chapter 13,Plan Confirmed,2024-09-19,,Active Bankruptcy
P6968FD2D921C,2023-02-13,16070.1000,,,,2025-09-29,0.0000,Placed - HM,2020-07-09,Charge Off,1:23-bk-12257,Chapter 13,Plan Confirmed,2023-09-15,,Active Bankruptcy
P6F8F42E85262,2023-12-10,4088.9600,,,,2025-09-29,0.0000,Placed - HM,2023-12-10,Charge Off,4:23-bk-41750,Chapter 13,Plan Confirmed,2023-09-20,,Active Bankruptcy
P7344AD64183E,2023-06-10,27720.1500,,,,2025-09-29,0.0000,Placed - HM,2022-06-10,Charge Off,3:23-bk-30134,Chapter 13,Plan Confirmed,2023-01-17,,Active Bankruptcy
P7D21B6BC16AF,2022-06-16,16390.3000,,,,2025-09-29,0.0000,Placed - Resurgent,2024-06-01,Charge Off,3:24-bk-80851,Chapter 13,Plan Confirmed,2024-06-26,,Active Bankruptcy
P800BD0C5A311,2021-08-13,27129.0500,,,,2025-09-29,0.0000,Placed - HM,2020-09-01,Charge Off,5:23-bk-848,Chapter 13,Plan Confirmed,2023-03-28,,Active Bankruptcy
P85EC12AC4A77,2020-12-25,3616.1200,,,,2025-09-29,0.0000,Placed - HM,2017-11-27,Charge Off,1:20-bk-11242,Chapter 13,Plan Confirmed,2020-10-07,,Active Bankruptcy
P96528D192F64,2023-11-13,7888.4500,,,,2025-09-29,0.0000,Placed - HM,2023-12-15,Charge Off,1:24-bk-364,Chapter 13,Plan Confirmed,2024-01-10,,Active Bankruptcy
P9D2F6B52D9F1,2024-07-22,13790.7300,,,,2025-09-29,0.0000,Placed - HM,2022-02-04,Charge Off,2:24-bk-20724,Chapter 13,Plan Confirmed,2024-03-27,,Active Bankruptcy
PB5A12BADC2CF,2024-11-12,3655.1700,,,,2025-09-29,0.0000,Placed - HM,2021-12-15,Charge Off,1:24-bk-10532,Chapter 13,Plan Confirmed,2024-07-22,,Active Bankruptcy
PCD44FA239769,2021-07-08,2504.6100,,,,2025-09-29,0.0000,Placed - HM,2018-12-10,Charge Off,3:21-bk-30468,Chapter 13,Plan Confirmed,2021-03-17,,Active Bankruptcy
PCFE9C91C5D81,2024-05-27,17863.3200,,,,2025-09-29,0.0000,Placed - HM,2022-07-21,Charge Off,5:24-bk-50009,Chapter 13,Plan Confirmed,2024-01-11,,Active Bankruptcy
PD25469ED1A70,2023-11-08,4354.1500,,,,2025-09-29,0.0000,Placed - HM,2020-12-11,Charge Off,1:23-bk-8206,Chapter 13,Plan Confirmed,2023-06-23,,Active Bankruptcy
PF515A817E9E7,2023-11-19,36033.5900,,,,2025-09-29,0.0000,Placed - HM,2022-05-17,Charge Off,1:23-bk-14685,Chapter 13,Plan Confirmed,2023-10-31,,Active Bankruptcy
PF5DA6BF4EFFB,2022-09-04,28566.3600,,,,2025-09-29,0.0000,Placed - HM,2021-12-01,Charge Off,2:23-bk-11195,Chapter 13,Plan Confirmed,2023-04-25,,Active Bankruptcy
PFB67BE67A719,2020-03-02,22664.8100,,,,2025-09-29,0.0000,Placed - HM,2018-12-31,Charge Off,5:21-bk-1998,Chapter 13,Plan Confirmed,2021-09-07,,Active Bankruptcy
PFE3E0884B65C,2023-04-18,23821.6600,,,,2025-09-29,0.0000,Placed - HM,2022-01-19,Charge Off,1:23-bk-15716,Chapter 13,Plan Confirmed,2023-11-21,,Active Bankruptcy
PFFB7ACF1D1E5,2023-04-06,4896.8600,,,,2025-09-29,0.0000,Placed - HM,2022-09-01,Charge Off,1:23-bk-6141,Chapter 13,Plan Confirmed,2023-05-09,,Active Bankruptcy
P366650F4F948,2023-06-26,36348.9600,,,,2025-09-26,0.0000,Placed - HM,2022-01-12,Charge Off,2:23-bk-11534,Chapter 13,Plan Confirmed,2023-03-16,,Active Bankruptcy
P37713A788246,2023-09-30,36342.5300,,,,2025-09-26,0.0000,Placed - HM,2022-09-02,Charge Off,2:23-bk-13121,Chapter 13,Plan Confirmed,2023-05-19,,Active Bankruptcy
P37E56CFD0719,2023-01-19,3603.3200,,,,2025-09-26,0.0000,Placed - HM,2020-07-21,Charge Off,2:22-bk-16288,Chapter 13,Plan Confirmed,2022-11-16,,Active Bankruptcy
P3D95EEF245AD,2023-12-25,33850.6100,,,,2025-09-26,0.0000,Placed - HM,2022-05-27,Charge Off,8:23-bk-3671,Chapter 13,Plan Confirmed,2023-08-23,,Active Bankruptcy
P406A31166978,2022-10-05,11693.4800,,,,2025-09-26,0.0000,Placed - HM,2021-10-25,Charge Off,8:23-bk-1527,Chapter 13,Plan Confirmed,2023-04-18,,Active Bankruptcy
P4144DF4874B2,2025-04-11,2929.8400,,,,2025-09-26,0.0000,Placed - HM,2021-12-03,Charge Off,8:24-bk-7175,Chapter 13,Plan Confirmed,2024-12-04,,Active Bankruptcy
P734956BF8468,2024-07-30,15686.4100,,,,2025-09-26,0.0000,Placed - HM,2022-07-01,Charge Off,8:24-bk-1615,Chapter 13,Plan Confirmed,2024-03-27,,Active Bankruptcy
P7E931AFD2049,2023-06-28,9393.7300,,,,2025-09-26,0.0000,Placed - HM,2023-12-15,Charge Off,8:24-bk-3513,Chapter 13,Plan Confirmed,2024-06-21,,Active Bankruptcy
P9570F4FD9365,2021-08-07,10882.9100,,,,2025-09-26,0.0000,Placed - HM,2018-10-05,Charge Off,2:23-bk-12675,Chapter 13,Plan Confirmed,2023-05-01,,Active Bankruptcy
PAE32A3C46474,2024-03-25,3476.5000,,,,2025-09-26,0.0000,Placed - HM,2021-03-16,Charge Off,2:23-bk-18376,Chapter 13,Plan Confirmed,2023-12-18,,Active Bankruptcy
P25BEBB309F8F,2021-11-29,16094.9700,,,,2025-09-25,0.0000,Placed - HM,2020-05-22,Charge Off,4:21-bk-12342,Chapter 13,Plan Confirmed,2021-08-25,,Active Bankruptcy
P6E5F09264EB9,2023-06-04,28620.5400,,,,2025-09-25,0.0000,Placed - HM,2021-01-04,Charge Off,2:23-bk-10606,Chapter 13,Plan Confirmed,2023-03-01,,Active Bankruptcy
PB207A4AF82A7,2023-12-21,13611.5800,,,,2025-09-25,0.0000,Placed - First Tech Credit Union,2024-05-24,Charge Off,2:24-bk-11476,Chapter 13,Plan Confirmed,2024-05-01,,Active Bankruptcy
PF82B594A5B3C,2021-02-07,19749.1700,,,,2025-09-25,0.0000,Placed - HM,2019-05-09,Charge Off,4:20-bk-14153,Chapter 13,Plan Confirmed,2020-10-19,,Active Bankruptcy
P1343BBFD5F24,2024-02-12,15500.2500,,,,2025-09-23,0.0000,Placed - HM,2021-05-28,Charge Off,1:23-bk-12795,Chapter 13,Plan Confirmed,2023-11-23,,Active Bankruptcy
P37555BD7EA5B,2024-01-06,4896.5900,,,,2025-09-23,0.0000,Placed - HM,2021-06-08,Charge Off,2:23-bk-31596,Chapter 13,Plan Confirmed,2023-08-11,,Active Bankruptcy
P495791256900,2023-09-02,16379.0000,,,,2025-09-23,0.0000,Placed - HM,2023-12-15,Charge Off,2:24-bk-31928,Chapter 13,Plan Confirmed,2024-08-30,,Active Bankruptcy
P8D141C604C9C,2023-05-13,35602.6700,,,,2025-09-23,0.0000,Placed - HM,2022-07-13,Charge Off,1:23-bk-10150,Chapter 13,Plan Confirmed,2023-01-24,,Active Bankruptcy
PFA7252908B71,2021-02-12,14318.2400,,,,2025-09-23,0.0000,Placed - HM,2018-02-15,Charge Off,2:21-bk-30603,Chapter 13,Plan Confirmed,2021-04-02,,Active Bankruptcy
P387E5CE98D2D,2023-11-25,19052.6200,,,,2025-09-22,0.0000,Placed - HM,2023-12-15,Charge Off,2:24-bk-50121,Chapter 13,Plan Confirmed,2024-01-11,,Active Bankruptcy
P3A2A1F786B12,2023-10-11,36279.1800,,,,2025-09-22,0.0000,Placed - HM,2022-09-13,Charge Off,1:23-bk-10814,Chapter 13,Plan Confirmed,2023-08-17,,Active Bankruptcy
P3E78B50B6D6D,2023-06-18,24395.9200,,,,2025-09-22,0.0000,Placed - HM,2023-12-15,Charge Off,2:23-bk-52529,Chapter 13,Plan Confirmed,2023-07-26,,Active Bankruptcy
P4BBA538DE348,2023-08-16,8866.8200,,,,2025-09-22,0.0000,Placed - HM,2022-04-07,Charge Off,1:23-bk-10914,Chapter 13,Plan Confirmed,2023-08-21,,Active Bankruptcy
P4ED893972692,2024-01-21,19170.7700,,,,2025-09-22,0.0000,Placed - HM,2024-01-21,Charge Off,1:24-bk-11359,Chapter 13,Plan Confirmed,2024-08-06,,Active Bankruptcy
P65107667DDDC,2023-06-14,35751.5300,,,,2025-09-22,0.0000,Placed - HM,2022-03-14,Charge Off,1:23-bk-2315,Chapter 13,Plan Confirmed,2023-02-22,,Active Bankruptcy
P7605DF81462A,2022-12-26,26229.3400,,,,2025-09-22,0.0000,Placed - HM,2024-04-01,Charge Off,1:24-bk-10557,Chapter 13,Plan Confirmed,2024-03-29,,Active Bankruptcy
P7CCD1E6B369E,2023-07-30,18703.5400,,,,2025-09-22,0.0000,Placed - HM,2019-07-01,Charge Off,1:24-bk-10052,Chapter 13,Plan Confirmed,2024-01-15,,Active Bankruptcy
P81B53936AD73,2024-06-19,18655.1300,,,,2025-09-22,0.0000,Placed - HM,2022-11-10,Charge Off,1:24-bk-6779,Chapter 13,Plan Confirmed,2024-05-07,,Active Bankruptcy
P8907C5AA23A6,2023-05-15,20265.4400,,,,2025-09-22,0.0000,Placed - HM,2024-06-24,Charge Off,1:24-bk-15606,Chapter 13,Plan Confirmed,2024-06-04,,Active Bankruptcy
P9017DB5D782F,2024-03-24,16533.2900,,,,2025-09-22,0.0000,Placed - HM,2022-01-25,Charge Off,1:23-bk-14808,Chapter 13,Plan Confirmed,2023-11-02,,Active Bankruptcy
P90927F4C5FC5,2024-03-23,9006.4300,,,,2025-09-22,0.0000,Placed - HM,2023-03-24,Charge Off,1:24-bk-9187,Chapter 13,Plan Confirmed,2024-06-21,,Active Bankruptcy
P9FF2AA699113,2023-01-21,20468.9200,,,,2025-09-22,0.0000,Placed - HM,2021-05-19,Charge Off,1:23-bk-16038,Chapter 13,Plan Confirmed,2023-11-30,,Active Bankruptcy
PA4D1735B2314,2022-12-14,5783.8000,,,,2025-09-22,0.0000,Placed - HM,2021-09-02,Charge Off,1:24-bk-11372,Chapter 13,Plan Confirmed,2024-02-13,,Active Bankruptcy
PA718E9B6BE0A,2023-11-20,14504.1800,,,,2025-09-22,0.0000,Placed - HM,2022-11-23,Charge Off,1:23-bk-12081,Chapter 13,Plan Confirmed,2023-10-26,,Active Bankruptcy
PB18A5528BF5A,2023-12-01,25857.0000,,,,2025-09-22,0.0000,Placed - HM,2022-08-03,Charge Off,2:23-bk-1310,Chapter 13,Plan Confirmed,2023-10-31,,Active Bankruptcy
PD0D253AB533A,2020-09-29,15626.0500,,,,2025-09-22,0.0000,Placed - HM,2019-07-01,Charge Off,1:21-bk-11664,Chapter 13,Plan Confirmed,2021-09-24,,Active Bankruptcy
PD76B495518BD,2022-10-05,12389.5400,,,,2025-09-22,0.0000,Placed - HM,2020-07-07,Charge Off,2:23-bk-1150,Chapter 13,Plan Confirmed,2023-09-26,,Active Bankruptcy
PD9C6AF2107E1,2024-01-31,4647.2700,,,,2025-09-22,0.0000,Placed - First Tech Credit Union,2024-05-24,Charge Off,7:24-bk-22422,Chapter 13,Plan Confirmed,2024-05-13,,Active Bankruptcy
PE735BE3F0D76,2022-03-18,4799.0400,,,,2025-09-22,0.0000,Placed - HM,2019-03-18,Charge Off,1:24-bk-17638,Chapter 13,Plan Confirmed,2024-07-29,,Active Bankruptcy
PF2036C93016F,2023-06-17,7762.1300,,,,2025-09-22,0.0000,Placed - HM,2020-12-17,Charge Off,8:23-bk-5294,Chapter 13,Plan Confirmed,2023-11-22,,Active Bankruptcy
PF36F8933AA76,2024-09-25,3628.8400,,,,2025-09-22,0.0000,Placed - HM,2024-09-25,Charge Off,24−13131,,Notification Received,2024-09-05,,Active Bankruptcy
PFF5C9694746D,2020-07-28,16902.7800,,,,2025-09-22,0.0000,Placed - HM,2019-04-15,Charge Off,4:21-bk-35554,Chapter 13,Plan Confirmed,2021-07-20,,Active Bankruptcy
P052539057C07,2023-10-24,7417.9100,,,,2025-09-19,0.0000,Placed - HM,2021-04-26,Charge Off,1:23-bk-6157,Chapter 13,Plan Confirmed,2023-05-09,,Active Bankruptcy
P11B2B1990B40,2023-05-10,37105.0800,,,,2025-09-19,0.0000,Placed - HM,2022-06-01,Charge Off,1:23-bk-10201,Chapter 13,Plan Confirmed,2023-02-15,,Active Bankruptcy
P171EA0DAE1A4,2022-01-31,2645.1500,,,,2025-09-19,0.0000,Placed - HM,2017-08-18,Charge Off,1:21-bk-11297,Chapter 13,Plan Confirmed,2021-09-30,,Active Bankruptcy
P184BB03AEA9C,2023-04-15,6154.1900,,,,2025-09-19,0.0000,Placed - HM,2020-12-09,Charge Off,1:23-bk-1084,Chapter 13,Plan Confirmed,2023-01-26,,Active Bankruptcy
P1F771CA76DF9,2023-02-15,8248.5500,,,,2025-09-19,0.0000,Placed - HM,2021-01-04,Charge Off,1:22-bk-11376,Chapter 13,Plan Confirmed,2022-11-23,,Active Bankruptcy
P374263D3A842,2022-09-17,29035.8100,,,,2025-09-19,0.0000,Placed - HM,2023-12-23,Charge Off,1:23-bk-4526,Chapter 13,Plan Confirmed,2023-04-04,,Active Bankruptcy
P5324D2E46EC6,2023-09-25,19551.3300,,,,2025-09-19,0.0000,Placed - HM,2021-12-23,Charge Off,1:23-bk-2627,Chapter 13,Plan Confirmed,2023-11-17,,Active Bankruptcy
P5796461A8173,2023-11-20,21597.9500,,,,2025-09-19,0.0000,Placed - HM,2023-12-15,Charge Off,5:24-bk-1897,Chapter 13,Plan Confirmed,2024-07-31,,Active Bankruptcy
P5CC4052A050A,2021-03-15,15451.2900,,,,2025-09-19,0.0000,Placed - HM,2019-06-14,Charge Off,1:21-bk-8024,Chapter 13,Plan Confirmed,2021-06-30,,Active Bankruptcy
P5CED16772B0B,2022-10-14,11245.3700,,,,2025-09-19,0.0000,Placed - HM,2022-02-16,Charge Off,1:23-bk-4042,Chapter 13,Plan Confirmed,2023-03-27,,Active Bankruptcy
P6313196E3CB1,2023-07-31,18578.6300,,,,2025-09-19,0.0000,Placed - HM,2022-06-02,Charge Off,1:23-bk-4854,Chapter 13,Plan Confirmed,2023-04-12,,Active Bankruptcy
P650B214971B9,2021-09-12,14812.7500,,,,2025-09-19,0.0000,Placed - HM,2019-07-05,Charge Off,1:21-bk-9627,Chapter 13,Plan Confirmed,2021-08-17,,Active Bankruptcy
P6AD3CBCAF7C1,2023-07-26,11775.1200,,,,2025-09-19,0.0000,Placed - HM,2023-12-15,Charge Off,5:24-bk-2447,Chapter 13,Plan Confirmed,2024-09-26,,Active Bankruptcy
P852A02B0CAF0,2024-03-14,25233.5500,,,,2025-09-19,0.0000,Placed - HM,2022-09-15,Charge Off,1:24-bk-1569,Chapter 13,Plan Confirmed,2024-06-25,,Active Bankruptcy
PA4885361C631,2024-04-01,34359.1300,,,,2025-09-19,0.0000,Placed - HM,2022-10-03,Charge Off,5:24-bk-1517,Chapter 13,Plan Confirmed,2024-06-19,,Active Bankruptcy
PB2CE26854622,2024-05-15,23293.7200,,,,2025-09-19,0.0000,Placed - HM,2022-08-04,Charge Off,5:24-bk-386,Chapter 13,Plan Confirmed,2024-02-19,,Active Bankruptcy
PCD0B001E5AD6,2022-07-30,19280.0500,,,,2025-09-19,0.0000,Placed - HM,2020-12-31,Charge Off,1:23-bk-5463,Chapter 13,Plan Confirmed,2023-04-25,,Active Bankruptcy
PF924285BA1EA,2023-04-25,19170.9900,,,,2025-09-19,0.0000,Placed - HM,2022-09-26,Charge Off,1:22-bk-14641,Chapter 13,Plan Confirmed,2022-12-20,,Active Bankruptcy
P0539D1472C59,2024-10-14,30991.1200,,,,2025-09-18,0.0000,Placed - HM,2023-01-20,Charge Off,1:24-bk-8706,Chapter 13,Plan Confirmed,2024-06-13,,Active Bankruptcy
P15534A2E5055,2024-01-01,13967.6900,,,,2025-09-18,0.0000,Placed - HM,2022-10-03,Charge Off,1:23-bk-9764,Chapter 13,Plan Confirmed,2023-07-26,,Active Bankruptcy
P21BABE860DBD,2022-03-17,24499.1000,,,,2025-09-18,0.0000,Placed - HM,2021-05-04,Charge Off,1:22-bk-43196,Chapter 13,Plan Confirmed,2022-12-28,,Active Bankruptcy
P334BC9E67CC3,2022-11-13,24804.9100,,,,2025-09-18,0.0000,Placed - HM,2021-03-16,Charge Off,1:23-bk-16499,Chapter 13,Plan Confirmed,2023-12-08,,Active Bankruptcy
P6DF46721A67B,2023-09-03,9360.9700,,,,2025-09-18,0.0000,Placed - HM,2022-10-06,Charge Off,1:23-bk-13901,Chapter 13,Plan Confirmed,2023-10-17,,Active Bankruptcy
P9D01073476C0,2023-05-27,10195.0700,,,,2025-09-18,0.0000,Placed - HM,2023-12-15,Charge Off,1:23-bk-10321,Chapter 13,Plan Confirmed,2023-08-07,,Active Bankruptcy
PD8BC39C926D7,2020-03-24,2732.8900,,,,2025-09-18,0.0000,Placed - HM,2017-03-22,Charge Off,2:20−bk−16954−VZ,,Notification Received,2020-07-31,,Active Bankruptcy
PE6476EB039D0,2022-11-20,35698.6500,,,,2025-09-18,0.0000,Placed - HM,2023-12-23,Charge Off,1:23-bk-7549,Chapter 13,Plan Confirmed,2023-06-09,,Active Bankruptcy
PE69B68C3F81A,2022-08-13,26322.6000,,,,2025-09-18,0.0000,Placed - HM,2020-12-14,Charge Off,2:23-bk-15395,Chapter 13,Plan Confirmed,2023-08-22,,Active Bankruptcy
PED87B46894D9,2023-04-03,22832.1600,,,,2025-09-18,0.0000,Placed - HM,2022-03-04,Charge Off,1:23-bk-10846,Chapter 13,Plan Confirmed,2023-08-18,,Active Bankruptcy
PF0A0256F072F,2023-12-28,5324.7500,,,,2025-09-18,0.0000,Placed - HM,2022-06-22,Charge Off,1:23-bk-10942,Chapter 13,Plan Confirmed,2023-08-21,,Active Bankruptcy
P543D69B2C87B,2023-05-28,28685.5900,,,,2025-09-17,0.0000,Placed - HM,2022-01-28,Charge Off,1:23-bk-10291,Chapter 13,Plan Confirmed,2023-03-09,,Active Bankruptcy
PF0A03C0B648C,2024-04-05,16475.7500,,,,2025-09-17,0.0000,Placed - HM,2022-11-07,Charge Off,2:23-bk-13350,Chapter 13,Plan Confirmed,2023-11-06,,Active Bankruptcy
P1BC153885447,2022-06-02,780.9700,,,,2025-09-16,0.0000,Placed - HM,2023-12-16,Charge Off,2:23-bk-25842,Chapter 13,Plan Confirmed,2023-12-20,,Active Bankruptcy
P29651192932E,2019-08-21,22177.6400,,,,2025-09-16,0.0000,Placed - HM,2018-09-20,Charge Off,3:21-bk-10318,Chapter 13,Plan Confirmed,2021-07-01,,Active Bankruptcy
P4951CC8D5F9F,2023-03-14,18674.8400,,,,2025-09-16,0.0000,Placed - HM,2021-10-14,Charge Off,5:22-bk-30846,Chapter 13,Plan Confirmed,2022-12-28,,Active Bankruptcy
P665851F0CF7C,2024-02-10,17208.2500,,,,2025-09-16,0.0000,Placed - Resurgent,2024-06-01,Charge Off,3:24-bk-10745,Chapter 13,Plan Confirmed,2024-09-02,,Active Bankruptcy
P7D3954637DEC,2022-06-09,15953.0500,,,,2025-09-16,0.0000,Placed - HM,2021-09-09,Charge Off,2:24-bk-25101,Chapter 13,Plan Confirmed,2024-10-03,,Active Bankruptcy
P9A95200B6527,2025-02-06,21016.8800,,,,2025-09-16,0.0000,Placed - HM,2023-10-03,Charge Off,1:24-bk-10677,Chapter 13,Plan Confirmed,2024-10-03,,Active Bankruptcy
PAA6F6D97D937,2023-11-25,21477.4000,,,,2025-09-16,0.0000,Placed - HM,2022-02-18,Charge Off,8:23-bk-72890,Chapter 13,Plan Confirmed,2023-08-08,,Active Bankruptcy
PD7EB9AC3C949,2023-05-28,29295.2800,,,,2025-09-16,0.0000,Placed - HM,2022-02-28,Charge Off,2:23-bk-24029,Chapter 13,Plan Confirmed,2023-11-09,,Active Bankruptcy
PD8210211E6EF,2023-03-15,36951.3700,,,,2025-09-16,0.0000,Placed - HM,2022-07-15,Charge Off,0:23-bk-12880,Chapter 13,Plan Confirmed,2023-04-27,,Active Bankruptcy
PE81CC42F3F36,2024-12-11,10687.2600,,,,2025-09-16,0.0000,Placed - HM,2020-12-01,Charge Off,2:24-bk-22150,Chapter 13,Plan Confirmed,2024-11-01,,Active Bankruptcy
PFAF2D572835A,2024-06-24,6603.0200,,,,2025-09-16,0.0000,Placed - HM,2020-12-01,Charge Off,3:24-bk-10101,Chapter 13,Plan Confirmed,2024-02-09,,Active Bankruptcy
P044FB65A810A,2023-05-12,7917.4700,,,,2025-09-15,0.0000,Placed - HM,2022-07-12,Charge Off,1:22-bk-908,Chapter 13,Plan Confirmed,2022-12-15,,Active Bankruptcy
P3E21240273A9,2023-05-20,17723.1100,,,,2025-09-15,0.0000,Placed - HM,2024-06-24,Charge Off,5:24-bk-50776,Chapter 13,Plan Confirmed,2024-05-23,,Active Bankruptcy
P465D4644AB29,2024-03-21,18079.1100,,,,2025-09-15,0.0000,Placed - Resurgent,2024-06-01,Charge Off,1:24-bk-694,Chapter 13,Plan Confirmed,2024-08-01,,Active Bankruptcy
P536B415527BE,2025-01-29,13738.2300,,,,2025-09-15,0.0000,Placed - HM,2022-09-13,Charge Off,3:24-bk-31069,Chapter 13,Plan Confirmed,2024-11-27,,Active Bankruptcy
P72E5CD81B5B3,2023-10-26,18809.3300,,,,2025-09-15,0.0000,Placed - HM,2022-01-28,Charge Off,6:23-bk-60516,Chapter 13,Plan Confirmed,2023-07-19,,Active Bankruptcy
P7BD194C7C591,2024-01-12,32316.8700,,,,2025-09-15,0.0000,Placed - HM,2022-01-11,Charge Off,5:23-bk-51774,Chapter 13,Plan Confirmed,2023-12-19,,Active Bankruptcy
P8F6129BEA498,2022-12-26,13829.1800,,,,2025-09-15,0.0000,Placed - HM,2019-01-16,Charge Off,5:23-bk-51215,Chapter 13,Plan Confirmed,2023-09-01,,Active Bankruptcy
PCEDF76506004,2024-06-25,21656.7300,,,,2025-09-15,0.0000,Placed - HM,2021-05-26,Charge Off,5:24-bk-30312,Chapter 13,Plan Confirmed,2024-04-19,,Active Bankruptcy
PE8AA21F4AA5C,2024-08-05,32651.6000,,,,2025-09-15,0.0000,Placed - HM,2022-10-07,Charge Off,5:24-bk-51590,Chapter 13,Plan Confirmed,2024-10-15,,Active Bankruptcy
PF1A38C236C08,2024-07-01,16039.5200,,,,2025-09-15,0.0000,Placed - HM,2023-01-03,Charge Off,1:24-bk-12335,Chapter 13,Plan Confirmed,2024-03-20,,Active Bankruptcy
P069D7700082C,2023-06-22,15308.1900,,,,2025-09-12,0.0000,Placed - HM,2020-12-22,Charge Off,6:23-bk-60771,Chapter 13,Plan Confirmed,2023-05-04,,Active Bankruptcy
P8FA147A27067,2023-10-08,19349.6700,,,,2025-09-12,0.0000,Placed - HM,2022-05-10,Charge Off,6:23-bk-61173,Chapter 13,Plan Confirmed,2023-07-06,,Active Bankruptcy
PA1D76DCD26F2,2024-08-22,14572.5500,,,,2025-09-12,0.0000,Placed - HM,2022-06-24,Charge Off,6:24-bk-62113,Chapter 13,Plan Confirmed,2024-09-19,,Active Bankruptcy
PFCB0145DC34D,2023-08-14,19284.2900,,,,2025-09-12,0.0000,Placed - HM,2021-12-14,Charge Off,6:23-bk-61232,Chapter 13,Plan Confirmed,2023-07-18,,Active Bankruptcy
P44968BAEDFED,2020-11-12,14542.1500,,,,2025-09-11,0.0000,Placed - HM,2018-03-30,Charge Off,4:21-bk-40772,Chapter 13,Plan Confirmed,2021-05-21,,Active Bankruptcy
P540BFC049A20,2024-01-18,29295.2800,,,,2025-09-11,0.0000,Placed - HM,2024-01-18,Charge Off,4:23-bk-42168,Chapter 13,Plan Confirmed,2023-11-13,,Active Bankruptcy
P8F7BE48A7BB8,2023-07-30,33111.0500,,,,2025-09-09,0.0000,Placed - HM,2022-04-26,Charge Off,1:23-bk-10221,Chapter 13,Plan Confirmed,2023-03-08,,Active Bankruptcy
PB11C3866B37B,2023-03-23,12997.6500,,,,2025-09-09,0.0000,Placed - HM,2021-11-23,Charge Off,1:22-bk-16197,Chapter 13,Plan Confirmed,2022-11-07,,Active Bankruptcy
PEBC556D6FA3E,2021-12-26,7155.9400,,,,2025-09-09,0.0000,Placed - HM,2024-07-23,Charge Off,2:24-bk-5120,Chapter 13,Plan Confirmed,2024-06-26,,Active Bankruptcy
P25B98DA683CB,2024-01-10,22497.1400,,,,2025-09-08,0.0000,Placed - HM,2022-02-04,Charge Off,6:25-bk-60217,Chapter 13,Plan Confirmed,2025-04-11,,Active Bankruptcy
P30FD6A47183C,2023-12-13,2071.6300,,,,2025-09-08,0.0000,Placed - HM,2023-12-13,Charge Off,3:23-bk-3921,Chapter 13,Plan Confirmed,2023-10-26,,Active Bankruptcy
P55E123C3AC19,2024-10-26,7342.8200,,,,2025-09-08,0.0000,Placed - HM,2021-05-20,Charge Off,0:24-bk-19965,Chapter 13,Plan Confirmed,2024-09-27,,Active Bankruptcy
P699EA1E4E33C,2023-10-18,2092.0500,,,,2025-09-08,0.0000,Placed - HM,2020-10-20,Charge Off,4:23-bk-40430,Chapter 13,Plan Confirmed,2023-05-23,,Active Bankruptcy
P720C014F5BF3,2023-09-29,38018.9200,,,,2025-09-08,0.0000,Placed - HM,2022-12-30,Charge Off,3:23-bk-769,Chapter 13,Plan Confirmed,2023-06-19,,Active Bankruptcy
P80D554ACD767,2023-05-23,21886.8000,,,,2025-09-08,0.0000,Placed - HM,2023-12-15,Charge Off,2:23-bk-2186,Chapter 13,Plan Confirmed,2023-07-25,,Active Bankruptcy
P888A75E2F16C,2024-06-08,26173.6300,,,,2025-09-08,0.0000,Placed - HM,2022-08-09,Charge Off,9:24-bk-14858,Chapter 13,Plan Confirmed,2024-05-17,,Active Bankruptcy
P8A75C2655B4F,2022-12-22,13427.1700,,,,2025-09-08,0.0000,Placed - HM,2024-01-19,Charge Off,3:23-bk-30621,Chapter 13,Plan Confirmed,2023-08-31,,Active Bankruptcy
PABADB9461FB4,2023-06-18,35250.7400,,,,2025-09-08,0.0000,Placed - HM,2022-02-18,Charge Off,3:23-bk-30259,Chapter 13,Plan Confirmed,2023-02-07,,Active Bankruptcy
PBAAAEDC6E81A,2023-10-11,26875.3000,,,,2025-09-08,0.0000,Placed - HM,2024-06-24,Charge Off,6:24-bk-2666,Chapter 13,Plan Confirmed,2024-05-29,,Active Bankruptcy
PDAB5E35AD1E3,2023-05-21,27811.8300,,,,2025-09-08,0.0000,Placed - HM,2022-03-31,Charge Off,2:23-bk-2012,Chapter 13,Plan Confirmed,2023-07-10,,Active Bankruptcy
PDB1CB4653C9D,2024-06-10,14251.0700,,,,2025-09-08,0.0000,Placed - HM,2022-05-11,Charge Off,0:24-bk-16313,Chapter 13,Plan Confirmed,2024-06-25,,Active Bankruptcy
P0DE2E22FAA18,2024-10-26,14591.2100,,,,2025-09-05,0.0000,Placed - HM,2022-11-14,Charge Off,5:24-bk-52370,Chapter 13,Plan Confirmed,2024-11-21,,Active Bankruptcy
P2B405E67D890,2024-02-05,36892.6600,,,,2025-09-05,0.0000,Placed - HM,2023-02-08,Charge Off,5:23-bk-51369,Chapter 13,Plan Confirmed,2023-11-22,,Active Bankruptcy
PECFD2E4D8759,2020-02-06,17360.8100,,,,2025-09-04,0.0000,Placed - HM,2018-09-06,Charge Off,6:19-bk-62076,Chapter 13,Plan Confirmed,2019-10-02,,Active Bankruptcy
P51A885D5E29B,2024-06-03,33809.0400,,,,2025-09-03,0.0000,Placed - HM,2023-01-04,Charge Off,4:24-bk-50490,Chapter 13,Plan Confirmed,2024-07-03,,Active Bankruptcy
P663DA19CFEC0,2024-11-15,14742.0600,,,,2025-09-03,0.0000,Placed - HM,2022-10-18,Charge Off,1:24-bk-11662,Chapter 13,Plan Confirmed,2024-09-06,,Active Bankruptcy
P82240EACC199,2023-01-14,8006.4100,,,,2025-09-03,0.0000,Placed - HM,2023-12-15,Charge Off,5:24-bk-50253,Chapter 13,Plan Confirmed,2024-05-02,,Active Bankruptcy
PCAF28831422A,2024-08-14,36546.8300,,,,2025-09-03,0.0000,Placed - HM,2022-11-08,Charge Off,2:24-bk-90491,Chapter 13,Plan Confirmed,2024-10-01,,Active Bankruptcy
P20F4B8B27706,2022-11-15,26640.7100,,,,2025-09-02,0.0000,Placed - HM,2021-08-18,Charge Off,4:23-bk-43446,Chapter 13,Plan Confirmed,2023-11-08,,Active Bankruptcy
P1869CD7B4FE0,2023-03-31,25566.2300,,,,2025-08-27,0.0000,Placed - HM,2022-06-01,Charge Off,5:23-bk-1348,Chapter 13,Plan Confirmed,2023-05-15,,Active Bankruptcy
P65132E3D4F2E,2023-09-15,14078.7700,,,,2025-08-27,0.0000,Placed - HM,2022-07-18,Charge Off,2:23-bk-14364,Chapter 13,Plan Confirmed,2023-05-22,,Active Bankruptcy
P3B5F4D4F98A8,2023-10-29,22375.8800,,,,2025-08-26,0.0000,Placed - HM,2022-06-30,Charge Off,2:23-bk-19474,Chapter 13,Plan Confirmed,2023-10-26,,Active Bankruptcy
P6BD4FB9BC12F,2023-05-02,17147.6400,,,,2025-08-26,0.0000,Placed - HM,2019-10-02,Charge Off,2:23-bk-50073,Chapter 13,Plan Confirmed,2023-01-10,,Active Bankruptcy
PEB758DA5778E,2024-01-01,3278.4900,,,,2025-08-26,0.0000,Placed - HM,2021-11-03,Charge Off,2:23-bk-17131,Chapter 13,Plan Confirmed,2023-08-17,,Active Bankruptcy
PA6B97B4FC253,2024-02-29,4906.2500,,,,2025-08-22,0.0000,Placed - HM,2019-04-09,Charge Off,9:24-bk-10728,Chapter 13,Plan Confirmed,2024-06-27,,Active Bankruptcy
P157B17078E20,2023-11-11,32151.5800,,,,2025-08-21,0.0000,Placed - HM,2022-06-14,Charge Off,2:23-bk-15108,Chapter 13,Plan Confirmed,2023-08-09,,Active Bankruptcy
P436F798EB0B5,2023-09-02,10814.1600,,,,2025-08-18,0.0000,Placed - HM,2020-06-05,Charge Off,1:23-bk-10813,Chapter 13,Plan Confirmed,2023-05-22,,Active Bankruptcy
P5D1AB2490EFD,2024-06-24,5614.7400,,,,2025-08-15,0.0000,Placed - HM,2021-10-20,Charge Off,6:24-bk-60563,Chapter 13,Plan Confirmed,2024-03-11,,Active Bankruptcy
P8663AB7D57CA,2023-05-17,2237.5200,,,,2025-08-15,0.0000,Placed - HM,2021-05-24,Charge Off,1:23-bk-914,Chapter 13,Plan Confirmed,2023-01-24,,Active Bankruptcy
P87CC8F4C75C5,2020-04-02,21522.3200,,,,2025-08-13,0.0000,Placed - HM,2018-08-01,Charge Off,3:20-bk-20865,Chapter 13,Plan Confirmed,2020-09-23,,Active Bankruptcy
PB8E6179A449D,2020-11-24,22032.6800,,,,2025-08-12,0.0000,Placed - HM,2018-12-18,Charge Off,1:20-bk-15992,Chapter 13,Plan Confirmed,2020-09-08,,Active Bankruptcy
P3E61C8818301,2023-04-25,16173.9900,,,,2025-08-11,0.0000,Placed - HM,2021-03-12,Charge Off,4:23-bk-40964,Chapter 13,Plan Confirmed,2023-09-10,,Active Bankruptcy
PBB429BBBFB39,2023-09-17,18405.5900,,,,2025-08-11,0.0000,Placed - HM,2021-09-17,Charge Off,4:23-bk-11955,Chapter 13,Plan Confirmed,2023-06-27,,Active Bankruptcy
PF9DF7A64E9DD,2024-03-15,4707.2300,,,,2025-08-11,0.0000,Placed - HM,2022-02-24,Charge Off,6:24-bk-4665,Chapter 13,Plan Confirmed,2024-08-30,,Active Bankruptcy
P1A21B7E0A8A5,2025-08-06,6297.5800,,,,2025-08-08,0.0000,Placed - HM,2021-06-08,Charge Off,2:24-bk-23472,Chapter 13,Plan Confirmed,2024-08-06,,Active Bankruptcy
P2985E06B2D77,2024-03-01,18849.1600,,,,2025-08-07,0.0000,Placed - HM,2022-11-02,Charge Off,4:24-bk-929,Chapter 13,Plan Confirmed,2024-06-28,,Active Bankruptcy
P8E3A92507397,2023-11-12,16082.7400,,,,2025-08-07,0.0000,Placed - HM,2021-08-30,Charge Off,9:23-bk-18862,Chapter 13,Plan Confirmed,2023-10-27,,Active Bankruptcy
PF9FA2324E80F,2025-01-13,16765.3900,,,,2025-08-07,0.0000,Placed - HM,2022-04-15,Charge Off,1:24-bk-4101,Chapter 13,Plan Confirmed,2024-10-23,,Active Bankruptcy
P03747EB50DC8,2024-01-20,25983.1600,,,,2025-08-06,0.0000,Placed - HM,2021-10-22,Charge Off,2:24-bk-583,Chapter 13,Plan Confirmed,2024-01-25,,Active Bankruptcy
P6595896A44F9,2022-10-29,31565.0300,,,,2025-07-29,0.0000,Placed - HM,2023-12-24,Charge Off,5:23-bk-2837,Chapter 13,Plan Confirmed,2023-10-01,,Active Bankruptcy
P2A01E89C981F,2023-03-13,14890.4000,,,,2025-07-22,0.0000,Placed - HM,2023-12-15,Charge Off,1:23-bk-10961,Chapter 13,Plan Confirmed,2023-10-27,,Active Bankruptcy
PF3FB6E3BF9B2,2025-02-04,7179.6800,,,,2025-07-21,0.0000,Placed - HM,2021-04-07,Charge Off,8:24-bk-5664,Chapter 13,Plan Confirmed,2024-09-20,,Active Bankruptcy
PD9A76530F803,2023-02-12,19706.2400,,,,2025-07-18,0.0000,Placed - HM,2023-12-15,Charge Off,1:24-bk-666,Chapter 13,Plan Confirmed,2024-01-18,,Active Bankruptcy
P16A2435891CA,2023-12-12,16671.8500,,,,2025-07-17,0.0000,Placed - HM,2021-01-07,Charge Off,2:23-bk-16007,Chapter 13,Plan Confirmed,2023-09-15,,Active Bankruptcy
PEF1684D96809,2025-01-30,37465.4500,,,,2025-07-14,0.0000,Placed - HM,2024-03-06,Charge Off,4:24-bk-41370,Chapter 13,Plan Confirmed,2024-11-15,,Active Bankruptcy
P99294897268F,2023-08-16,17573.9100,,,,2025-07-11,0.0000,Placed - HM,2021-02-18,Charge Off,2:23-bk-43973,Chapter 13,Plan Confirmed,2023-04-28,,Active Bankruptcy
P7A30202B7E27,2021-09-07,10762.9500,,,,2025-07-10,0.0000,Placed - HM,2020-04-10,Charge Off,4:21-bk-10713,Chapter 13,Plan Confirmed,2021-06-18,,Active Bankruptcy
PD3409A916A8C,2023-06-02,14078.7700,,,,2025-07-09,0.0000,Placed - HM,2023-12-24,Charge Off,7:23-bk-70773,Chapter 13,Plan Confirmed,2023-08-04,,Active Bankruptcy
P34DAC4D98A99,2023-10-11,9859.1900,,,,2025-07-08,0.0000,Placed - HM,2020-12-09,Charge Off,2:23−bk−51888,,Notification Received,2023-06-06,,Active Bankruptcy
P770252583E3F,2024-10-08,9368.8000,,,,2025-07-08,0.0000,Placed - HM,2021-09-10,Charge Off,2:24-bk-20819,Chapter 13,Plan Confirmed,2024-06-27,,Active Bankruptcy
PDC89F7A1725B,2023-07-14,22075.1900,,,,2025-07-08,0.0000,Placed - HM,2024-08-05,Charge Off,3:25-bk-3400,Chapter 7,Petition Filed,2025-08-18,,Active Bankruptcy
P741FF4289ED1,2023-04-02,20862.5900,,,,2025-06-25,0.0000,Placed - HM,2020-09-03,Charge Off,1:22-bk-12458,Chapter 13,Plan Confirmed,2022-12-01,,Active Bankruptcy
P8F0F394740E8,2025-07-26,24243.6700,,,,2025-06-25,0.0000,Placed - HM,2021-09-16,Charge Off,2:25-bk-2249,Chapter 7,Petition Filed,2025-07-31,,Active Bankruptcy
P05E313AE1EEC,2024-11-16,15781.6600,,,,2025-06-23,0.0000,Placed - HM,2022-07-19,Charge Off,1:24-bk-17254,Chapter 13,Plan Confirmed,2024-07-19,,Active Bankruptcy
PF938ED34AC70,2023-03-17,31883.0300,,,,2025-06-23,0.0000,Placed - HM,2021-12-17,Charge Off,2:22-bk-25137,Chapter 13,Plan Confirmed,2022-11-21,,Active Bankruptcy
P8DA3FC811B89,2025-09-18,5159.5000,,,,2025-06-19,0.0000,Placed - HM,2022-09-21,Charge Off,2:25-bk-49287,Chapter 7,Petition Filed,2025-09-16,,Active Bankruptcy
PCD974CA0F047,2025-07-14,1531.3000,,,,2025-06-16,0.0000,Placed - HM,2023-04-07,Charge Off,25-44521,Chapter 7,Petition Filed,2025-09-18,,Active Bankruptcy
PF251A739BEA5,2025-08-16,15811.0700,,,,2025-06-11,0.0000,Placed - HM,2022-07-18,Charge Off,4:25-bk-41659,Chapter 7,Petition Filed,2025-09-08,,Active Bankruptcy
P04ED55C99A75,2024-05-31,20068.3400,,,,2025-06-09,0.0000,Placed - HM,2022-06-07,Charge Off,5:24-bk-81071,Chapter 13,Plan Confirmed,2024-06-07,,Active Bankruptcy
P2C0607E0F913,2025-09-05,7412.3800,,,,2025-06-08,0.0000,Placed - HM,2020-12-08,Charge Off,2:25-bk-21190,Chapter 13,Petition Filed,2025-08-27,,Active Bankruptcy
P3EFD18D168AA,2025-03-18,2716.8200,,,,2025-06-02,0.0000,Placed - HM,2022-02-18,Charge Off,1:25-bk-44188,Chapter 7,Petition Filed,2025-09-02,,Active Bankruptcy
PAE7E7982ED59,2025-08-29,12640.5700,,,,2025-06-01,0.0000,Placed - HM,2022-08-31,Charge Off,2:25-bk-3066,Chapter 13,Plan Confirmed,2025-04-09,,Active Bankruptcy
P50DC7B6659AA,2025-09-21,6289.7100,,,,2025-05-24,0.0000,Placed - HM,2024-01-24,Charge Off,1:25-bk-4941,Chapter 7,Petition Filed,2025-08-15,,Active Bankruptcy
P427B2953BF36,2025-08-06,18934.4300,,,,2025-05-16,0.0000,Placed - HM,2022-09-01,Charge Off,25-9466,Chapter 7,Petition Filed,2025-10-06,,Active Bankruptcy
PA8DC911BD13C,2020-06-19,16978.9800,,,,2025-05-16,0.0000,Placed - HM,2019-11-19,Charge Off,24-20060,Chapter 7,Petition Filed,2025-09-18,,Active Bankruptcy
P2E034A279187,2025-10-13,16266.0600,,,,2025-05-15,0.0000,Placed - HM,2022-10-06,Charge Off,3:25-bk-30642,Chapter 13,Petition Filed,2025-06-19,,Active Bankruptcy
P7D3B2143464F,2025-10-13,20072.3700,,,,2025-05-15,0.0000,Placed - HM,2022-06-15,Charge Off,3:25-bk-32751,Chapter 13,Petition Filed,2025-08-19,,Active Bankruptcy
P586E56BCD8EF,2025-09-25,2725.3400,,,,2025-05-14,0.0000,Placed - ACU,2023-10-02,Charge Off,1:25-bk-56849,Chapter 13,Petition Filed,2025-06-20,,Active Bankruptcy
P6D965645F461,2025-08-06,2846.9700,,,,2025-05-14,0.0000,Placed - HM,2021-07-01,Charge Off,6:25-bk-14760,Chapter 7,Petition Filed,2025-07-15,,Active Bankruptcy
PE9183146C1C5,2025-10-11,1837.2000,,,,2025-05-13,0.0000,Placed - HM,2021-04-13,Charge Off,3:25-bk-1173,Chapter 13,Plan Confirmed,2025-07-07,,Active Bankruptcy
P806B975AFE6C,2021-01-18,11852.7000,,,,2025-05-12,0.0000,Placed - HM,2018-11-13,Charge Off,5:20-bk-50328,Chapter 13,Petition Filed,2020-09-30,,Active Bankruptcy
P36278A94FC45,2025-10-09,24120.2200,,,,2025-05-11,0.0000,Placed - HM,2022-08-04,Charge Off,1:25-bk-21324,Chapter 13,Petition Filed,2025-09-26,,Active Bankruptcy
P60BC4AB4A66C,2025-10-09,8586.2400,,,,2025-05-11,0.0000,Placed - HM,2024-09-05,Charge Off,1:25-bk-10777,Chapter 13,Petition Filed,2025-09-25,,Active Bankruptcy
P129084583E54,2025-08-23,10045.0000,,,,2025-05-10,0.0000,Placed - HM,2022-04-25,Charge Off,1:25-bk-16184,Chapter 7,Petition Filed,2025-07-08,,Active Bankruptcy
PB8FE871C5112,2023-07-24,27739.1600,,,,2025-05-06,0.0000,Placed - Resurgent,2025-02-28,Charge Off,4:23-bk-40249,Chapter 13,Plan Confirmed,2023-03-23,,Active Bankruptcy
P0E7A1A8577A5,2025-09-13,6797.2900,,,,2025-05-05,0.0000,Placed - HM,2022-09-16,Charge Off,8:25-bk-5620,Chapter 13,Petition Filed,2025-08-09,,Active Bankruptcy
PB709A4DB8E76,2025-07-03,17529.2500,,,,2025-05-05,0.0000,Placed - HM,2022-08-24,Charge Off,6:25-bk-4431,Chapter 7,Petition Filed,2025-07-17,,Active Bankruptcy
PB4BAB956B1C8,2025-08-30,18388.9400,,,,2025-05-02,0.0000,Placed - HM,2023-03-02,Charge Off,25-14115,Chapter 7,Petition Filed,2025-09-12,,Active Bankruptcy
PB51F590497EE,2025-09-30,15033.1800,,,,2025-05-02,0.0000,Placed - HM,2022-06-02,Charge Off,3:25-bk-31804,Chapter 13,Plan Confirmed,2025-05-29,,Active Bankruptcy
PD7C14684BCE6,2025-06-12,7053.9400,,,,2025-05-02,0.0000,Placed - HM,2022-10-12,Charge Off,2:25-bk-21036,Chapter 13,Plan Confirmed,2025-05-21,,Active Bankruptcy
P881B94C7771B,2024-04-24,6254.4500,,,,2025-04-30,0.0000,Placed - HM,2023-01-26,Charge Off,25-12281,Chapter 7,Petition Filed,2025-10-09,,Active Bankruptcy
P657C05D104FE,2025-09-25,2164.0100,,,,2025-04-28,0.0000,Placed - HM,2022-04-27,Charge Off,1:25-bk-14192,Chapter 7,Petition Filed,2025-07-07,,Active Bankruptcy
P8E24864335E8,2025-09-23,15993.0200,,,,2025-04-26,0.0000,Placed - HM,2023-03-02,Charge Off,2:25-bk-45138,Chapter 13,Plan Confirmed,2025-05-19,,Active Bankruptcy
P1007B5FB2D99,2020-01-13,4090.6300,,,,2025-04-23,0.0000,Placed - HM,2018-02-10,Charge Off,2:21-bk-10546,Chapter 13,Plan Confirmed,2021-01-25,,Active Bankruptcy
P4B085F825EF5,2025-09-20,6267.3600,,,,2025-04-23,0.0000,Placed - HM,2022-04-13,Charge Off,2:25-bk-20218,Chapter 13,Plan Confirmed,2025-05-09,,Active Bankruptcy
PFEC6AFDE4EC1,2025-09-21,4284.2000,,,,2025-04-23,0.0000,Placed - HM,2024-01-24,Charge Off,1:25-bk-17646,Chapter 7,Petition Filed,2025-08-21,,Active Bankruptcy
P9441F45614D7,2023-11-07,17435.2700,,,,2025-04-22,0.0000,Placed - Resurgent,2025-02-28,Charge Off,2:23-bk-20684,Chapter 13,Plan Confirmed,2023-11-15,,Active Bankruptcy
PDCCAC3208C5E,2023-05-20,38498.0300,,,,2025-04-21,0.0000,Placed - Resurgent,2025-02-28,Charge Off,4:24-bk-31524,Chapter 13,Plan Confirmed,2024-08-14,,Active Bankruptcy
P4761CAB86A63,2025-09-17,7220.4400,,,,2025-04-20,0.0000,Placed - HM,2022-07-20,Charge Off,25-31525,Chapter 13,Petition Filed,2025-07-31,,Active Bankruptcy
PE25E50E98EEF,2025-09-17,7082.0300,,,,2025-04-20,0.0000,Placed - HM,2022-10-20,Charge Off,4:25-bk-42475,Chapter 7,Petition Filed,2025-08-26,,Active Bankruptcy
PDCED3D31C208,2025-09-16,9390.5300,,,,2025-04-19,0.0000,Placed - HM,2022-05-19,Charge Off,3:25-bk-19855,Chapter 13,Petition Filed,2025-09-22,,Active Bankruptcy
PBC72CAFECEC6,2024-01-06,9609.2200,,,,2025-04-18,0.0000,Placed - Resurgent,2025-02-28,Charge Off,1:23-bk-12731,Chapter 13,Plan Confirmed,2023-09-25,,Active Bankruptcy
PD6E21ECA9CB4,2025-09-15,4415.9900,,,,2025-04-18,0.0000,Placed - HM,2022-05-10,Charge Off,3:25-bk-31267,Chapter 7,Petition Filed,2025-07-03,,Active Bankruptcy
P17EAAD3B1635,2024-02-08,15732.2700,,,,2025-04-17,0.0000,Placed - HM,2023-04-11,Charge Off,1:25-bk-14252,Chapter 7,Petition Filed,2025-07-08,,Active Bankruptcy
P98C593B78C51,2025-06-08,12122.5700,,,,2025-04-16,0.0000,Placed - Bounce,2025-08-08,Charge Off,25-70165,Chapter 7,Petition Filed,2025-10-08,,Active Bankruptcy
P116A86000FDD,2025-09-12,31192.4200,,,,2025-04-15,0.0000,Placed - HM,2023-11-15,Charge Off,25-60822,Chapter 13,Petition Filed,2025-09-19,,Active Bankruptcy
P25D4DB66229C,2025-09-12,13421.4300,,,,2025-04-15,0.0000,Placed - HM,2021-12-09,Charge Off,25-31990,Chapter 7,Petition Filed,2025-09-30,,Active Bankruptcy
P97A03031851D,2025-09-12,5723.8200,,,,2025-04-15,0.0000,Placed - HM,2022-12-02,Charge Off,3:25-bk-31430,Chapter 13,Plan Confirmed,2025-04-29,,Active Bankruptcy
PB02B2AC7E77B,2025-09-12,6089.4500,,,,2025-04-15,0.0000,Placed - HM,2022-09-15,Charge Off,3:25-bk-33107,Chapter 7,Petition Filed,2025-09-17,,Active Bankruptcy
PB84BCDD4EF99,2025-09-27,8157.0400,,,,2025-04-15,0.0000,Placed - HM,2022-09-15,Charge Off,25-16018,Chapter 13,Petition Filed,2025-09-18,,Active Bankruptcy
P4E0BFF557A30,2023-03-28,19023.2600,,,,2025-04-14,0.0000,Placed - Resurgent,2025-02-28,Charge Off,2:23-bk-43889,Chapter 13,Plan Confirmed,2023-04-27,,Active Bankruptcy
P96E94CA01890,2025-08-26,9890.5000,,,,2025-04-14,0.0000,Placed - HM,2023-03-15,Charge Off,0:25-bk-16726,Chapter 7,Petition Filed,2025-07-24,,Active Bankruptcy
P97F16AE4F6C1,2025-09-11,13018.6500,,,,2025-04-14,0.0000,Placed - HM,2023-06-14,Charge Off,3:25-bk-17375,Chapter 7,Petition Filed,2025-07-15,,Active Bankruptcy
P4171C069E8AE,2025-09-07,3709.9700,,,,2025-04-10,0.0000,Placed - HM,2024-04-05,Charge Off,25-33987,Chapter 7,Petition Filed,2025-10-10,,Active Bankruptcy
P66FE94B133DB,2025-09-07,7456.4000,,,,2025-04-10,0.0000,Placed - HM,2024-05-01,Charge Off,6:25-bk-3325,Chapter 7,Petition Filed,2025-08-26,,Active Bankruptcy
P850B3E703609,2025-09-27,12035.6600,,,,2025-04-08,0.0000,Placed - HM,2021-12-08,Charge Off,3:24-bk-4355,Chapter 13,Plan Confirmed,2024-11-18,,Active Bankruptcy
P919748ADE49F,2023-01-31,39289.4200,,,,2025-04-07,0.0000,Placed - Resurgent,2025-02-28,Charge Off,3:23-bk-40034,Chapter 13,Plan Confirmed,2023-01-10,,Active Bankruptcy
PCE9E7F5F1E3D,2025-09-28,3103.7200,,,,2025-04-05,0.0000,Placed - HM,2021-11-05,Charge Off,1:25-bk-2279,Chapter 7,Petition Filed,2025-08-15,,Active Bankruptcy
P267A9F2CAC96,2025-08-31,18592.4700,,,,2025-04-03,0.0000,Placed - HM,2022-10-03,Charge Off,25-33947,Chapter 13,Petition Filed,2025-10-07,,Active Bankruptcy
P4A396BEC68C2,2025-08-29,12079.9800,,,,2025-04-01,0.0000,Placed - HM,2023-06-29,Charge Off,1:25-bk-2792,Chapter 7,Petition Filed,2025-09-30,,Active Bankruptcy
PC19CFD9B3E3A,2025-08-29,10112.9400,,,,2025-04-01,0.0000,Placed - HM,2022-09-07,Charge Off,5:25-bk-51337,Chapter 7,Petition Filed,2025-08-29,,Active Bankruptcy
PC65109EAB3B7,2022-04-06,33149.5500,,,,2025-04-01,0.0000,Placed - Resurgent,2025-02-28,Charge Off,1:23-bk-1421,Chapter 13,Plan Confirmed,2023-04-07,,Active Bankruptcy
PDA9AE15F8357,2025-08-29,5751.7100,,,,2025-04-01,0.0000,Placed - HM,2022-11-16,Charge Off,3:25-bk-30585,Chapter 13,Plan Confirmed,2025-05-09,,Active Bankruptcy
HM694CB1C97642,2025-08-26,24145.1200,,,,2025-03-31,0.0000,Placed - HM,2024-12-04,Charge Off,3:25-bk-31845,Chapter 7,Petition Filed,2025-07-31,,Active Bankruptcy
P2FA04249789A,2023-03-20,4952.0000,,,,2025-03-31,0.0000,Placed - HM,2022-07-20,Charge Off,2318571,,Discharged,2023-12-27,2024-01-23,Active Bankruptcy
P40D9323BD210,2024-03-16,30654.2100,,,,2025-03-31,0.0000,Placed - Resurgent,2025-02-28,Charge Off,4:23-bk-42040,Chapter 13,Plan Confirmed,2023-10-27,,Active Bankruptcy
PC0FADC8AAAEA,2025-08-26,14891.0700,,,,2025-03-30,0.0000,Placed - HM,2022-09-15,Charge Off,1:25-bk-11905,Chapter 7,Petition Filed,2025-08-27,,Active Bankruptcy
P033E910C5B03,2025-08-26,15132.0400,,,,2025-03-28,0.0000,Placed - HM,2022-09-14,Charge Off,2:25-bk-17700,Chapter 13,Petition Filed,2025-09-01,,Active Bankruptcy
P3C09BA29AC10,2025-08-26,17666.0100,,,,2025-03-28,0.0000,Placed - HM,2022-07-18,Charge Off,2:25-bk-13142,Chapter 13,Plan Confirmed,2025-04-16,,Active Bankruptcy
P4DE54462FA1D,2025-07-24,31576.2700,,,,2025-03-26,0.0000,Placed - HM,2023-09-26,Charge Off,1:25-bk-57548,Chapter 13,Petition Filed,2025-07-05,,Active Bankruptcy
PDBFCA001F329,2025-08-23,19849.5300,,,,2025-03-25,0.0000,Placed - HM,2023-05-01,Charge Off,1:25-bk-8406,Chapter 7,Petition Filed,2025-05-31,,Active Bankruptcy
P36A0ECE96A21,2025-05-26,5175.2700,,,,2025-03-21,0.0000,Placed - Bounce,2025-08-11,Charge Off,2:25-bk-49951,Chapter 7,Petition Filed,2025-10-02,,Active Bankruptcy
PB9CA1437C34B,2024-08-31,10765.9500,,,,2025-03-20,0.0000,Placed - Resurgent,2025-02-28,Charge Off,2:24-bk-14051,Chapter 13,Plan Confirmed,2024-05-23,,Active Bankruptcy
PE3F9EDF6D47D,2025-08-18,10926.5300,,,,2025-03-20,0.0000,Placed - HM,2023-10-02,Charge Off,2:25-bk-11394,Chapter 7,Petition Filed,2025-07-02,,Active Bankruptcy
PDC3EEDCE78CF,2025-08-14,10391.2100,,,,2025-03-16,0.0000,Placed - HM,2022-09-16,Charge Off,2:25-bk-14657,Chapter 13,Plan Confirmed,2025-05-31,,Active Bankruptcy
PDE203A2FA78A,2025-08-14,9742.5100,,,,2025-03-16,0.0000,Placed - HM,2023-03-13,Charge Off,1:25-bk-6790,Chapter 7,Petition Filed,2025-05-01,,Active Bankruptcy
P957C17039AA0,2025-09-02,8439.4900,,,,2025-03-14,0.0000,Placed - HM,2022-12-05,Charge Off,1:25-bk-11206,Chapter 13,Petition Filed,2025-08-04,,Active Bankruptcy
PE95BF35262A4,2025-06-10,9269.4700,,,,2025-03-14,0.0000,Placed - HM,2021-09-10,Charge Off,1:25-bk-4610,Chapter 13,Petition Filed,2025-07-31,,Active Bankruptcy
P5A04D10B7018,2022-07-03,11024.0200,,,,2025-03-11,0.0000,Placed - HM,2021-02-24,Charge Off,2:22-bk-20326,Chapter 13,Plan Confirmed,2022-03-14,,Active Bankruptcy
PB6D723D0C70F,2025-07-20,15881.9300,,,,2025-03-07,0.0000,Placed - HM,2023-01-12,Charge Off,5:25-bk-50566,Chapter 13,Plan Confirmed,2025-04-18,,Active Bankruptcy
P2210A0C51367,2025-04-11,3202.9500,,,,2025-03-06,0.0000,Placed - Bounce,2025-08-08,Charge Off,4:25-bk-43188,Chapter 13,Petition Filed,2025-09-29,,Active Bankruptcy
P57F57C7A988F,2025-08-21,28394.0000,,,,2025-03-06,0.0000,Placed - HM,2022-11-23,Charge Off,2:25-bk-46983,Chapter 13,Petition Filed,2025-07-09,,Active Bankruptcy
P896FF1A20805,2025-08-04,20824.7100,,,,2025-03-06,0.0000,Placed - HM,2022-08-03,Charge Off,25-62813,Chapter 7,Petition Filed,2025-10-10,,Active Bankruptcy
P1727E6EFD40C,2023-03-17,21817.9800,,,,2025-03-05,0.0000,Placed - Resurgent,2025-02-28,Charge Off,3:23-bk-30056,Chapter 13,Plan Confirmed,2023-01-11,,Active Bankruptcy
P3234820514E5,2023-11-09,10729.5800,,,,2025-03-05,0.0000,Placed - Bounce,2024-11-25,Charge Off,25-6294,Chapter 7,Petition Filed,2025-09-30,,Active Bankruptcy
P69DFB9DEC08D,2025-09-20,2414.0500,,,,2025-03-04,0.0000,Placed - HM,2023-06-23,Charge Off,5:25-bk-950,Chapter 13,Plan Confirmed,2025-03-17,,Active Bankruptcy
PECCAB8BF60DC,2025-08-01,22899.3700,,,,2025-03-03,0.0000,Placed - HM,2023-08-18,Charge Off,9:25-bk-90372,Chapter 13,Petition Filed,2025-05-16,,Active Bankruptcy
P4E27AC848EDF,2025-01-04,7429.4300,,,,2025-02-27,0.0000,Placed - HM,2022-04-06,Charge Off,2:25-bk-16113,Chapter 13,Plan Confirmed,2025-06-09,,Active Bankruptcy
PB4008F03F416,2025-03-26,12172.4300,,,,2025-02-26,0.0000,Placed - Resurgent,2025-07-31,Charge Off,5:25-bk-52263,Chapter 7,Petition Filed,2025-09-29,,Active Bankruptcy
P100C32327701,2025-07-23,11017.4300,,,,2025-02-25,0.0000,Placed - HM,2024-03-18,Charge Off,4:25-bk-40447,Chapter 13,Plan Confirmed,2025-03-17,,Active Bankruptcy
P230AA84690EC,2022-12-30,11479.4400,,,,2025-02-24,0.0000,Placed - HM,2021-03-23,Charge Off,1:25-bk-10190,Chapter 13,Plan Confirmed,2025-07-02,,Active Bankruptcy
PE67AE53F34DF,2025-07-05,11377.3500,,,,2025-02-22,0.0000,Placed - ACU,2023-09-29,Charge Off,25-91124,Chapter 13,Petition Filed,2025-09-29,,Active Bankruptcy
P23C7E7EB714B,2025-05-28,13419.4000,,,,2025-02-21,0.0000,Placed - HM,2022-11-01,Charge Off,4:25-bk-42057,Chapter 7,Petition Filed,2025-07-17,,Active Bankruptcy
P5D0595FBCED1,2025-06-28,13717.1500,,,,2025-02-19,0.0000,Placed - HM,2022-03-14,Charge Off,8:25-bk-80553,Chapter 13,Plan Confirmed,2025-06-06,,Active Bankruptcy
PAB223BF3B298,2025-07-16,11348.0500,,,,2025-02-18,0.0000,Placed - HM,2022-09-08,Charge Off,1:25-bk-15757,Chapter 13,Plan Confirmed,2025-05-22,,Active Bankruptcy
PCE5828295129,2025-07-16,22295.6600,,,,2025-02-18,0.0000,Placed - HM,2024-07-18,Charge Off,9:25-bk-17138,Chapter 13,Plan Confirmed,2025-06-24,,Active Bankruptcy
PF5C8404DFCF1,2025-07-16,19436.9500,,,,2025-02-18,0.0000,Placed - HM,2023-09-18,Charge Off,3:25-bk-30395,Chapter 13,Petition Filed,2025-07-25,,Active Bankruptcy
PC35D3F46368F,2024-06-17,5268.0400,,,,2025-02-13,0.0000,Placed - HM,2022-08-08,Charge Off,1:25-bk-5586,Chapter 13,Petition Filed,2025-09-15,,Active Bankruptcy
P9C695F04D1DB,2025-07-09,15563.9200,,,,2025-02-11,0.0000,Placed - HM,2024-06-11,Charge Off,1:25-bk-3737,Chapter 13,Plan Confirmed,2025-03-11,,Active Bankruptcy
P0E37B1F523C1,2025-07-08,6859.8000,,,,2025-02-10,0.0000,Placed - HM,2023-10-10,Charge Off,1:25-bk-10487,Chapter 13,Petition Filed,2025-04-30,,Active Bankruptcy
P8DF66F8202FE,2025-07-05,34423.9100,,,,2025-02-07,0.0000,Placed - HM,2024-03-07,Charge Off,2:25-bk-23584,Chapter 7,Petition Filed,2025-07-14,,Active Bankruptcy
P8D819E7ADE88,2022-09-08,1098.2700,,,,2025-02-06,0.0000,Placed - HM,2023-12-24,Charge Off,1:25-bk-6231,Chapter 13,Petition Filed,2025-04-23,,Active Bankruptcy
P0C4EB4DFEAC5,2025-08-03,12240.4900,,,,2025-02-05,0.0000,Placed - HM,2023-04-05,Charge Off,2:25-bk-6278,Chapter 7,Petition Filed,2025-07-10,,Active Bankruptcy
P19A549FD617E,2021-08-15,30632.9200,,,,2025-02-05,0.0000,Placed - HM,2019-04-10,Charge Off,2:21-bk-10653,Chapter 13,Plan Confirmed,2021-03-31,,Active Bankruptcy
P1A9AC5AD2BC0,2024-12-17,8271.6000,,,,2025-02-03,0.0000,Placed - HM,2022-09-19,Charge Off,2:25-bk-20408,Chapter 13,Plan Confirmed,2025-03-27,,Active Bankruptcy
PB4DFC635ECE0,2025-06-30,17024.8400,,,,2025-02-02,0.0000,Placed - Bounce,2025-08-08,Charge Off,2:25-bk-16736,Chapter 7,Petition Filed,2025-08-05,,Active Bankruptcy
P868335629423,2025-03-27,29925.8600,,,,2025-01-31,0.0000,Placed - Resurgent,2025-07-31,Charge Off,2:25-bk-24996,Chapter 7,Petition Filed,2025-10-01,,Active Bankruptcy
PF89A161B96D9,2024-08-04,13497.4300,,,,2025-01-29,0.0000,Placed - HM,2022-10-06,Charge Off,6:25-bk-50395,Chapter 13,Plan Confirmed,2025-03-20,,Active Bankruptcy
P520CA938894E,2020-04-14,14577.9300,,,,2025-01-27,0.0000,Placed - HM,2024-07-12,Charge Off,2:25-bk-25322,Chapter 7,Petition Filed,2025-09-29,,Active Bankruptcy
P73325A741B3D,2024-11-01,25438.7100,,,,2025-01-27,0.0000,Placed - HM,2023-05-04,Charge Off,1:25-bk-10252,Chapter 13,Plan Confirmed,2025-03-17,,Active Bankruptcy
PFABA975BB9DF,2025-06-27,1392.7500,,,,2025-01-27,0.0000,Placed - HM,2022-05-27,Charge Off,1:25-bk-4482,Chapter 13,Plan Confirmed,2025-03-24,,Active Bankruptcy
P50B6157FDE56,2025-06-26,4954.8800,,,,2025-01-26,0.0000,Placed - Bounce,2025-08-08,Charge Off,2:25-bk-1249,Chapter 7,Petition Filed,2025-07-18,,Active Bankruptcy
P57B6FBE54964,2025-06-25,1402.7500,,,,2025-01-25,0.0000,Placed - HM,2022-05-25,Charge Off,6:25-bk-14480,Chapter 13,Petition Filed,2025-07-03,,Active Bankruptcy
P9456446ADFA1,2025-06-25,2327.6900,,,,2025-01-25,0.0000,Placed - HM,2022-08-25,Charge Off,3:25-bk-3138,Chapter 7,Petition Filed,2025-07-31,,Active Bankruptcy
P14470BB0E750,2025-07-20,10035.6800,,,,2025-01-22,0.0000,Placed - HM,2022-07-22,Charge Off,2:25-bk-22449,Chapter 7,Petition Filed,2025-09-11,,Active Bankruptcy
PB7E4A49FCCC5,2025-01-19,17061.9900,,,,2025-01-21,0.0000,Placed - ACU,2023-09-28,Charge Off,3:25-bk-2122,Chapter 7,Petition Filed,2025-05-28,,Active Bankruptcy
P047BA001FFE4,2025-06-20,9032.8900,,,,2025-01-20,0.0000,Placed - HM,2022-06-28,Charge Off,6:25-bk-10555,Chapter 13,Plan Confirmed,2025-01-31,,Active Bankruptcy
P750590506E18,2025-08-26,5478.5700,,,,2025-01-18,0.0000,Placed - HM,2022-11-18,Charge Off,2:25-bk-3610,Chapter 13,Plan Confirmed,2025-04-24,,Active Bankruptcy
PE79D5A091542,2025-05-15,24253.6400,,,,2025-01-17,0.0000,Placed - Bounce,2025-08-08,Charge Off,3:25-bk-31976,Chapter 13,Petition Filed,2025-08-15,,Active Bankruptcy
P8D0CC0F1473C,2025-06-16,17535.6800,,,,2025-01-16,0.0000,Placed - Bounce,2025-08-08,Charge Off,25-6309,Chapter 7,Petition Filed,2025-10-01,,Active Bankruptcy
P0716D4985091,2025-06-15,14960.8700,,,,2025-01-15,0.0000,Placed - HM,2022-09-01,Charge Off,2:25-bk-50507,Chapter 13,Plan Confirmed,2025-02-11,,Active Bankruptcy
P57BC5C437972,2025-07-13,5752.4500,,,,2025-01-15,0.0000,Placed - HM,2022-10-05,Charge Off,3:25-bk-31478,Chapter 13,Plan Confirmed,2025-05-01,,Active Bankruptcy
PB505CC7BD716,2025-06-15,7530.3900,,,,2025-01-15,0.0000,Placed - HM,2021-12-15,Charge Off,8:25-bk-2802,Chapter 13,Petition Filed,2025-04-30,,Active Bankruptcy
PEF2EF77F039C,2023-09-09,5712.1800,,,,2025-01-15,0.0000,Placed - HM,2022-08-12,Charge Off,23−57273−TJ23,,Discharged,2023-07-31,2023-08-26,Active Bankruptcy
P2200E7E7A45D,2025-06-14,4240.2500,,,,2025-01-14,0.0000,Placed - HM,2022-07-14,Charge Off,3:25-bk-31367,Chapter 13,Petition Filed,2025-07-15,,Active Bankruptcy
PCE3A8920732F,2025-06-13,3212.9400,,,,2025-01-13,0.0000,Placed - HM,2021-10-27,Charge Off,3:25-bk-224,Chapter 13,Plan Confirmed,2025-01-29,,Active Bankruptcy
P2498D673D7AE,2025-08-10,8878.9700,,,,2025-01-12,0.0000,Placed - HM,2023-10-10,Charge Off,25-25303,Chapter 7,Petition Filed,2025-09-19,,Active Bankruptcy
P994BFCFDCDED,2025-06-10,27517.5900,,,,2025-01-10,0.0000,Placed - HM,2024-07-10,Charge Off,1:25-bk-11507,Chapter 7,Petition Filed,2025-07-07,,Active Bankruptcy
P141CDDFAF784,2025-01-05,10339.6700,,,,2025-01-07,0.0000,Placed - Bounce,2025-06-18,Charge Off,1:25-bk-646,Chapter 13,Petition Filed,2025-08-25,,Active Bankruptcy
P708D40735B14,,0.0000,,,,2025-01-07,0.0000,Placed - HM,2023-09-07,Charge Off,4:24-bk-36132,Chapter 7,Petition Filed,2024-12-31,,Active Bankruptcy
PD945B8FD73DD,2025-07-03,3393.7100,,,,2025-01-05,0.0000,Placed - HM,2022-06-01,Charge Off,4:25-bk-40204,Chapter 13,Plan Confirmed,2025-01-24,,Active Bankruptcy
PA6D11C7E85B0,2025-04-03,17501.0600,,,,2025-01-04,0.0000,Placed - HM,2022-08-04,Charge Off,6:25-bk-1000,Chapter 13,Plan Confirmed,2025-02-21,,Active Bankruptcy
PD795F8277B0F,2025-06-19,9018.1300,,,,2025-01-01,0.0000,Placed - Bounce,2025-08-08,Charge Off,0:25-bk-20484,Chapter 13,Petition Filed,2025-09-09,,Active Bankruptcy
